mode: atomic
github.com/umatare5/xflow-exporter/cmd/main.go:9.2,10.1 1 1
github.com/umatare5/xflow-exporter/internal/aggregator/aggregator.go:34.2,37.1 1 13
github.com/umatare5/xflow-exporter/internal/aggregator/aggregator.go:95.2,95.22 1 0
github.com/umatare5/xflow-exporter/internal/aggregator/aggregator.go:96.3,97.1 1 0
github.com/umatare5/xflow-exporter/internal/aggregator/aggregator.go:98.2,98.14 1 0
github.com/umatare5/xflow-exporter/internal/aggregator/aggregator.go:226.2,226.29 1 1
github.com/umatare5/xflow-exporter/internal/aggregator/aggregator.go:226.31,226.56 1 1
github.com/umatare5/xflow-exporter/internal/aggregator/aggregator.go:231.2,236.1 2 37
github.com/umatare5/xflow-exporter/internal/aggregator/aggregator.go:237.2,237.33 2 37
github.com/umatare5/xflow-exporter/internal/aggregator/aggregator.go:238.3,239.1 1 1
github.com/umatare5/xflow-exporter/internal/aggregator/aggregator.go:240.2,240.23 1 37
github.com/umatare5/xflow-exporter/internal/aggregator/aggregator.go:241.3,242.1 1 9
github.com/umatare5/xflow-exporter/internal/aggregator/aggregator.go:243.2,243.19 1 37
github.com/umatare5/xflow-exporter/internal/aggregator/aggregator.go:244.3,245.1 1 13
github.com/umatare5/xflow-exporter/internal/aggregator/aggregator.go:246.2,246.22 1 37
github.com/umatare5/xflow-exporter/internal/aggregator/aggregator.go:247.3,248.1 1 13
github.com/umatare5/xflow-exporter/internal/aggregator/aggregator.go:249.2,249.26 1 37
github.com/umatare5/xflow-exporter/internal/aggregator/aggregator.go:250.3,251.1 1 18
github.com/umatare5/xflow-exporter/internal/aggregator/aggregator.go:252.2,252.22 1 37
github.com/umatare5/xflow-exporter/internal/aggregator/aggregator.go:253.3,254.1 1 13
github.com/umatare5/xflow-exporter/internal/aggregator/aggregator.go:255.2,255.18 1 37
github.com/umatare5/xflow-exporter/internal/aggregator/aggregator.go:256.3,257.1 1 12
github.com/umatare5/xflow-exporter/internal/aggregator/aggregator.go:258.2,258.18 1 37
github.com/umatare5/xflow-exporter/internal/aggregator/aggregator.go:259.3,260.1 1 8
github.com/umatare5/xflow-exporter/internal/aggregator/aggregator.go:261.2,261.26 1 37
github.com/umatare5/xflow-exporter/internal/aggregator/aggregator.go:262.3,263.1 1 9
github.com/umatare5/xflow-exporter/internal/aggregator/aggregator.go:264.2,264.23 1 37
github.com/umatare5/xflow-exporter/internal/aggregator/aggregator.go:265.3,266.1 1 8
github.com/umatare5/xflow-exporter/internal/aggregator/aggregator.go:267.2,267.21 1 37
github.com/umatare5/xflow-exporter/internal/aggregator/aggregator.go:268.3,269.1 1 10
github.com/umatare5/xflow-exporter/internal/aggregator/aggregator.go:270.2,270.19 1 37
github.com/umatare5/xflow-exporter/internal/aggregator/aggregator.go:271.3,272.1 1 8
github.com/umatare5/xflow-exporter/internal/aggregator/aggregator.go:273.2,273.10 1 37
github.com/umatare5/xflow-exporter/internal/aggregator/aggregator.go:280.2,281.1 2 102
github.com/umatare5/xflow-exporter/internal/aggregator/aggregator.go:282.2,282.25 2 102
github.com/umatare5/xflow-exporter/internal/aggregator/aggregator.go:283.3,285.1 2 129
github.com/umatare5/xflow-exporter/internal/aggregator/aggregator.go:291.2,295.1 2 129
github.com/umatare5/xflow-exporter/internal/aggregator/aggregator.go:305.2,305.62 1 127
github.com/umatare5/xflow-exporter/internal/aggregator/aggregator.go:306.3,307.1 1 112
github.com/umatare5/xflow-exporter/internal/aggregator/aggregator.go:308.2,308.40 1 15
github.com/umatare5/xflow-exporter/internal/aggregator/aggregator.go:309.3,310.1 1 12
github.com/umatare5/xflow-exporter/internal/aggregator/aggregator.go:311.2,311.31 1 3
github.com/umatare5/xflow-exporter/internal/aggregator/aggregator.go:318.2,318.24 1 129
github.com/umatare5/xflow-exporter/internal/aggregator/aggregator.go:319.3,323.1 1 16
github.com/umatare5/xflow-exporter/internal/aggregator/aggregator.go:328.2,328.20 1 129
github.com/umatare5/xflow-exporter/internal/aggregator/aggregator.go:329.3,330.1 1 2
github.com/umatare5/xflow-exporter/internal/aggregator/aggregator.go:332.2,332.66 1 127
github.com/umatare5/xflow-exporter/internal/aggregator/aggregator.go:333.3,341.1 1 80
github.com/umatare5/xflow-exporter/internal/aggregator/aggregator.go:343.2,344.1 2 127
github.com/umatare5/xflow-exporter/internal/aggregator/aggregator.go:345.2,345.88 2 127
github.com/umatare5/xflow-exporter/internal/aggregator/aggregator.go:346.3,357.1 1 19
github.com/umatare5/xflow-exporter/internal/aggregator/aggregator.go:361.2,361.69 1 127
github.com/umatare5/xflow-exporter/internal/aggregator/aggregator.go:362.3,370.1 1 41
github.com/umatare5/xflow-exporter/internal/aggregator/aggregator.go:375.2,375.74 1 127
github.com/umatare5/xflow-exporter/internal/aggregator/aggregator.go:376.3,378.1 1 7
github.com/umatare5/xflow-exporter/internal/aggregator/aggregator.go:382.2,382.36 1 127
github.com/umatare5/xflow-exporter/internal/aggregator/aggregator.go:383.3,385.1 1 7
github.com/umatare5/xflow-exporter/internal/aggregator/aggregator.go:387.2,387.53 1 127
github.com/umatare5/xflow-exporter/internal/aggregator/aggregator.go:388.3,392.1 1 13
github.com/umatare5/xflow-exporter/internal/aggregator/aggregator.go:394.2,394.19 1 127
github.com/umatare5/xflow-exporter/internal/aggregator/aggregator.go:395.3,395.45 1 14
github.com/umatare5/xflow-exporter/internal/aggregator/aggregator.go:396.4,398.1 1 13
github.com/umatare5/xflow-exporter/internal/aggregator/aggregator.go:403.2,403.70 1 127
github.com/umatare5/xflow-exporter/internal/aggregator/aggregator.go:404.3,408.1 1 5
github.com/umatare5/xflow-exporter/internal/aggregator/aggregator.go:412.2,412.58 1 127
github.com/umatare5/xflow-exporter/internal/aggregator/aggregator.go:413.3,417.1 1 8
github.com/umatare5/xflow-exporter/internal/aggregator/aggregator.go:419.2,419.31 1 127
github.com/umatare5/xflow-exporter/internal/aggregator/aggregator.go:426.2,426.22 1 127
github.com/umatare5/xflow-exporter/internal/aggregator/aggregator.go:427.3,428.1 1 111
github.com/umatare5/xflow-exporter/internal/aggregator/aggregator.go:430.2,430.18 1 16
github.com/umatare5/xflow-exporter/internal/aggregator/aggregator.go:431.3,439.1 1 6
github.com/umatare5/xflow-exporter/internal/aggregator/aggregator.go:440.2,440.18 1 16
github.com/umatare5/xflow-exporter/internal/aggregator/aggregator.go:441.3,449.1 1 4
github.com/umatare5/xflow-exporter/internal/aggregator/aggregator.go:456.2,456.21 1 14
github.com/umatare5/xflow-exporter/internal/aggregator/aggregator.go:457.3,458.1 1 12
github.com/umatare5/xflow-exporter/internal/aggregator/aggregator.go:459.2,459.18 1 2
github.com/umatare5/xflow-exporter/internal/aggregator/aggregator.go:460.3,461.1 1 1
github.com/umatare5/xflow-exporter/internal/aggregator/aggregator.go:462.2,462.11 1 1
github.com/umatare5/xflow-exporter/internal/aggregator/aggregator.go:468.2,471.1 3 1
github.com/umatare5/xflow-exporter/internal/aggregator/aggregator.go:476.2,477.1 3 1
github.com/umatare5/xflow-exporter/internal/aggregator/aggregator.go:478.2,479.28 3 1
github.com/umatare5/xflow-exporter/internal/aggregator/aggregator.go:480.3,481.1 1 1
github.com/umatare5/xflow-exporter/internal/aggregator/aggregator.go:483.2,485.1 3 1
github.com/umatare5/xflow-exporter/internal/aggregator/aggregator.go:486.2,486.6 3 1
github.com/umatare5/xflow-exporter/internal/aggregator/aggregator.go:487.3,487.10 1 1
github.com/umatare5/xflow-exporter/internal/aggregator/aggregator.go:489.4,489.10 1 1
github.com/umatare5/xflow-exporter/internal/aggregator/aggregator.go:491.4,491.13 1 0
github.com/umatare5/xflow-exporter/internal/aggregator/aggregator.go:498.2,499.31 2 12
github.com/umatare5/xflow-exporter/internal/aggregator/aggregator.go:500.3,501.1 1 12
github.com/umatare5/xflow-exporter/internal/aggregator/aggregator.go:513.2,514.1 1 2
github.com/umatare5/xflow-exporter/internal/aggregator/aggregator.go:521.2,522.24 2 15
github.com/umatare5/xflow-exporter/internal/aggregator/aggregator.go:523.3,524.1 1 0
github.com/umatare5/xflow-exporter/internal/aggregator/aggregator.go:525.2,525.20 1 15
github.com/umatare5/xflow-exporter/internal/aggregator/aggregator.go:526.3,527.1 1 14
github.com/umatare5/xflow-exporter/internal/aggregator/aggregator.go:528.2,528.23 1 15
github.com/umatare5/xflow-exporter/internal/aggregator/aggregator.go:529.3,530.1 1 0
github.com/umatare5/xflow-exporter/internal/aggregator/aggregator.go:531.2,531.27 1 15
github.com/umatare5/xflow-exporter/internal/aggregator/aggregator.go:532.3,533.1 1 0
github.com/umatare5/xflow-exporter/internal/aggregator/aggregator.go:534.2,534.23 1 15
github.com/umatare5/xflow-exporter/internal/aggregator/aggregator.go:535.3,536.1 1 0
github.com/umatare5/xflow-exporter/internal/aggregator/aggregator.go:537.2,537.19 1 15
github.com/umatare5/xflow-exporter/internal/aggregator/aggregator.go:538.3,539.1 1 0
github.com/umatare5/xflow-exporter/internal/aggregator/aggregator.go:540.2,540.19 1 15
github.com/umatare5/xflow-exporter/internal/aggregator/aggregator.go:541.3,542.1 1 0
github.com/umatare5/xflow-exporter/internal/aggregator/aggregator.go:543.2,543.19 1 15
github.com/umatare5/xflow-exporter/internal/aggregator/aggregator.go:544.3,545.1 1 0
github.com/umatare5/xflow-exporter/internal/aggregator/aggregator.go:546.2,546.24 1 15
github.com/umatare5/xflow-exporter/internal/aggregator/aggregator.go:547.3,548.1 1 0
github.com/umatare5/xflow-exporter/internal/aggregator/aggregator.go:549.2,549.22 1 15
github.com/umatare5/xflow-exporter/internal/aggregator/aggregator.go:550.3,551.1 1 0
github.com/umatare5/xflow-exporter/internal/aggregator/aggregator.go:552.2,552.20 1 15
github.com/umatare5/xflow-exporter/internal/aggregator/aggregator.go:553.3,554.1 1 0
github.com/umatare5/xflow-exporter/internal/aggregator/aggregator.go:555.2,555.15 1 15
github.com/umatare5/xflow-exporter/internal/aggregator/aggregator.go:568.2,570.30 3 3
github.com/umatare5/xflow-exporter/internal/aggregator/aggregator.go:571.3,578.1 2 2
github.com/umatare5/xflow-exporter/internal/aggregator/aggregator.go:579.2,579.15 1 3
github.com/umatare5/xflow-exporter/internal/aggregator/aggregator.go:587.2,587.24 1 9
github.com/umatare5/xflow-exporter/internal/aggregator/aggregator.go:588.3,589.1 1 1
github.com/umatare5/xflow-exporter/internal/aggregator/aggregator.go:590.2,590.31 1 8
github.com/umatare5/xflow-exporter/internal/aggregator/aggregator.go:595.2,595.20 1 21
github.com/umatare5/xflow-exporter/internal/aggregator/aggregator.go:596.3,597.1 1 0
github.com/umatare5/xflow-exporter/internal/aggregator/aggregator.go:598.2,598.27 1 21
github.com/umatare5/xflow-exporter/internal/aggregator/aggregator.go:603.2,603.23 1 11
github.com/umatare5/xflow-exporter/internal/aggregator/aggregator.go:604.3,605.1 1 0
github.com/umatare5/xflow-exporter/internal/aggregator/aggregator.go:606.2,606.30 1 11
github.com/umatare5/xflow-exporter/internal/aggregator/aggregator.go:611.2,611.27 1 15
github.com/umatare5/xflow-exporter/internal/aggregator/aggregator.go:612.3,613.1 1 1
github.com/umatare5/xflow-exporter/internal/aggregator/aggregator.go:614.2,614.34 1 14
github.com/umatare5/xflow-exporter/internal/aggregator/aggregator.go:619.2,619.23 1 9
github.com/umatare5/xflow-exporter/internal/aggregator/aggregator.go:620.3,621.1 1 0
github.com/umatare5/xflow-exporter/internal/aggregator/aggregator.go:622.2,622.30 1 9
github.com/umatare5/xflow-exporter/internal/aggregator/aggregator.go:627.2,627.19 1 8
github.com/umatare5/xflow-exporter/internal/aggregator/aggregator.go:628.3,629.1 1 0
github.com/umatare5/xflow-exporter/internal/aggregator/aggregator.go:630.2,630.26 1 8
github.com/umatare5/xflow-exporter/internal/aggregator/aggregator.go:635.2,635.19 1 6
github.com/umatare5/xflow-exporter/internal/aggregator/aggregator.go:636.3,637.1 1 0
github.com/umatare5/xflow-exporter/internal/aggregator/aggregator.go:638.2,638.26 1 6
github.com/umatare5/xflow-exporter/internal/aggregator/aggregator.go:643.2,643.19 1 5
github.com/umatare5/xflow-exporter/internal/aggregator/aggregator.go:644.3,645.1 1 0
github.com/umatare5/xflow-exporter/internal/aggregator/aggregator.go:646.2,646.26 1 5
github.com/umatare5/xflow-exporter/internal/aggregator/aggregator.go:651.2,651.24 1 2
github.com/umatare5/xflow-exporter/internal/aggregator/aggregator.go:652.3,653.1 1 0
github.com/umatare5/xflow-exporter/internal/aggregator/aggregator.go:654.2,654.31 1 2
github.com/umatare5/xflow-exporter/internal/aggregator/aggregator.go:659.2,659.22 1 4
github.com/umatare5/xflow-exporter/internal/aggregator/aggregator.go:660.3,661.1 1 0
github.com/umatare5/xflow-exporter/internal/aggregator/aggregator.go:662.2,662.29 1 4
github.com/umatare5/xflow-exporter/internal/aggregator/aggregator.go:667.2,667.20 1 5
github.com/umatare5/xflow-exporter/internal/aggregator/aggregator.go:668.3,669.1 1 0
github.com/umatare5/xflow-exporter/internal/aggregator/aggregator.go:670.2,670.27 1 5
github.com/umatare5/xflow-exporter/internal/aggregator/table.go:56.2,59.51 4 2241
github.com/umatare5/xflow-exporter/internal/aggregator/table.go:60.3,61.1 1 27
github.com/umatare5/xflow-exporter/internal/aggregator/table.go:62.2,62.55 1 2241
github.com/umatare5/xflow-exporter/internal/aggregator/table.go:63.3,64.1 1 27
github.com/umatare5/xflow-exporter/internal/aggregator/table.go:65.2,65.23 1 2241
github.com/umatare5/xflow-exporter/internal/aggregator/table.go:70.2,76.1 1 340
github.com/umatare5/xflow-exporter/internal/aggregator/table.go:105.2,108.1 1 124
github.com/umatare5/xflow-exporter/internal/aggregator/table.go:118.2,120.8 3 2241
github.com/umatare5/xflow-exporter/internal/aggregator/table.go:121.3,122.1 1 1965
github.com/umatare5/xflow-exporter/internal/aggregator/table.go:123.2,124.1 2 2241
github.com/umatare5/xflow-exporter/internal/aggregator/table.go:125.2,125.8 2 2241
github.com/umatare5/xflow-exporter/internal/aggregator/table.go:126.3,127.1 1 1965
github.com/umatare5/xflow-exporter/internal/aggregator/table.go:129.2,129.28 1 276
github.com/umatare5/xflow-exporter/internal/aggregator/table.go:130.3,132.1 2 23
github.com/umatare5/xflow-exporter/internal/aggregator/table.go:140.2,142.1 3 276
github.com/umatare5/xflow-exporter/internal/aggregator/table.go:143.2,143.33 3 276
github.com/umatare5/xflow-exporter/internal/aggregator/table.go:144.3,146.1 2 0
github.com/umatare5/xflow-exporter/internal/aggregator/table.go:147.2,147.36 1 276
github.com/umatare5/xflow-exporter/internal/aggregator/table.go:148.3,149.1 1 23
github.com/umatare5/xflow-exporter/internal/aggregator/table.go:151.2,155.13 5 253
github.com/umatare5/xflow-exporter/internal/aggregator/table.go:170.2,172.1 5 745
github.com/umatare5/xflow-exporter/internal/aggregator/table.go:173.2,175.32 5 745
github.com/umatare5/xflow-exporter/internal/aggregator/table.go:176.3,176.34 1 149
github.com/umatare5/xflow-exporter/internal/aggregator/table.go:177.4,177.12 1 1
github.com/umatare5/xflow-exporter/internal/aggregator/table.go:180.3,185.12 6 148
github.com/umatare5/xflow-exporter/internal/aggregator/table.go:188.2,189.25 2 745
github.com/umatare5/xflow-exporter/internal/aggregator/table.go:202.2,204.1 4 96
github.com/umatare5/xflow-exporter/internal/aggregator/table.go:205.2,206.32 4 96
github.com/umatare5/xflow-exporter/internal/aggregator/table.go:207.3,208.1 1 96
github.com/umatare5/xflow-exporter/internal/aggregator/table.go:209.2,209.37 1 96
github.com/umatare5/xflow-exporter/internal/aggregator/table.go:214.2,217.1 3 2
github.com/umatare5/xflow-exporter/internal/cli/main.go:19.2,24.61 1 1
github.com/umatare5/xflow-exporter/internal/cli/main.go:25.4,26.18 2 1
github.com/umatare5/xflow-exporter/internal/cli/main.go:27.5,29.1 2 0
github.com/umatare5/xflow-exporter/internal/cli/main.go:31.4,32.1 2 1
github.com/umatare5/xflow-exporter/internal/cli/main.go:33.4,33.18 2 1
github.com/umatare5/xflow-exporter/internal/cli/main.go:34.5,34.69 1 1
github.com/umatare5/xflow-exporter/internal/cli/main.go:35.6,37.1 2 0
github.com/umatare5/xflow-exporter/internal/cli/main.go:38.5,39.15 2 1
github.com/umatare5/xflow-exporter/internal/cli/main.go:42.4,42.55 1 0
github.com/umatare5/xflow-exporter/internal/cli/main.go:46.2,46.63 1 1
github.com/umatare5/xflow-exporter/internal/cli/main.go:47.3,49.1 2 0
github.com/umatare5/xflow-exporter/internal/cli/main.go:50.2,50.12 1 1
github.com/umatare5/xflow-exporter/internal/cli/main.go:55.2,67.1 12 51
github.com/umatare5/xflow-exporter/internal/cli/main.go:71.2,97.1 1 52
github.com/umatare5/xflow-exporter/internal/cli/main.go:102.2,142.1 1 52
github.com/umatare5/xflow-exporter/internal/cli/main.go:147.2,160.1 1 52
github.com/umatare5/xflow-exporter/internal/cli/main.go:165.2,190.1 1 52
github.com/umatare5/xflow-exporter/internal/cli/main.go:195.2,268.1 1 52
github.com/umatare5/xflow-exporter/internal/cli/main.go:273.2,312.1 1 52
github.com/umatare5/xflow-exporter/internal/cli/main.go:317.2,361.1 1 52
github.com/umatare5/xflow-exporter/internal/cli/main.go:366.2,377.1 1 52
github.com/umatare5/xflow-exporter/internal/cli/main.go:382.2,395.1 1 52
github.com/umatare5/xflow-exporter/internal/cli/main.go:399.2,405.1 1 52
github.com/umatare5/xflow-exporter/internal/cli/version.go:7.2,8.1 1 3
github.com/umatare5/xflow-exporter/internal/collector/collector.go:23.2,26.1 1 19
github.com/umatare5/xflow-exporter/internal/collector/collector.go:31.2,32.1 1 19
github.com/umatare5/xflow-exporter/internal/collector/collector.go:37.2,39.1 2 6
github.com/umatare5/xflow-exporter/internal/collector/collector.go:43.2,52.1 3 7
github.com/umatare5/xflow-exporter/internal/collector/collector.go:56.2,58.1 2 3
github.com/umatare5/xflow-exporter/internal/collector/collector.go:62.2,64.1 2 3
github.com/umatare5/xflow-exporter/internal/collector/collector.go:72.2,76.1 4 5
github.com/umatare5/xflow-exporter/internal/collector/collector.go:81.2,85.1 4 6
github.com/umatare5/xflow-exporter/internal/collector/collector.go:89.2,91.1 2 3
github.com/umatare5/xflow-exporter/internal/collector/collector.go:95.2,97.1 2 2
github.com/umatare5/xflow-exporter/internal/collector/collector.go:101.2,101.47 1 8
github.com/umatare5/xflow-exporter/internal/collector/collector.go:102.3,104.1 2 1
github.com/umatare5/xflow-exporter/internal/collector/collector.go:105.2,105.52 1 8
github.com/umatare5/xflow-exporter/internal/collector/collector.go:106.3,108.1 2 1
github.com/umatare5/xflow-exporter/internal/collector/decoder.go:58.2,160.1 1 17
github.com/umatare5/xflow-exporter/internal/collector/decoder.go:165.2,185.1 20 32
github.com/umatare5/xflow-exporter/internal/collector/decoder.go:189.2,190.1 2 31
github.com/umatare5/xflow-exporter/internal/collector/decoder.go:191.2,191.48 2 31
github.com/umatare5/xflow-exporter/internal/collector/decoder.go:192.3,193.1 2 21
github.com/umatare5/xflow-exporter/internal/collector/decoder.go:194.3,194.36 2 21
github.com/umatare5/xflow-exporter/internal/collector/decoder.go:195.4,198.1 1 7
github.com/umatare5/xflow-exporter/internal/collector/decoder.go:199.3,199.36 1 21
github.com/umatare5/xflow-exporter/internal/collector/decoder.go:200.4,203.1 1 4
github.com/umatare5/xflow-exporter/internal/collector/decoder.go:207.3,207.32 1 21
github.com/umatare5/xflow-exporter/internal/collector/decoder.go:208.4,211.1 1 7
github.com/umatare5/xflow-exporter/internal/collector/decoder.go:215.3,215.32 1 21
github.com/umatare5/xflow-exporter/internal/collector/decoder.go:216.4,219.1 1 21
github.com/umatare5/xflow-exporter/internal/collector/decoder.go:222.2,224.1 8 31
github.com/umatare5/xflow-exporter/internal/collector/decoder.go:227.2,238.84 8 31
github.com/umatare5/xflow-exporter/internal/collector/decoder.go:251.2,251.43 1 31
github.com/umatare5/xflow-exporter/internal/collector/decoder.go:252.3,257.1 1 4
github.com/umatare5/xflow-exporter/internal/collector/decoder.go:266.2,266.21 1 22
github.com/umatare5/xflow-exporter/internal/collector/decoder.go:267.3,268.1 1 18
github.com/umatare5/xflow-exporter/internal/collector/decoder.go:270.2,275.63 2 4
github.com/umatare5/xflow-exporter/internal/collector/decoder.go:280.2,280.41 1 31
github.com/umatare5/xflow-exporter/internal/collector/decoder.go:281.3,284.1 4 33
github.com/umatare5/xflow-exporter/internal/collector/decoder.go:289.3,289.25 4 33
github.com/umatare5/xflow-exporter/internal/collector/decoder.go:291.4,297.1 3 15
github.com/umatare5/xflow-exporter/internal/collector/decoder.go:298.4,298.58 3 15
github.com/umatare5/xflow-exporter/internal/collector/decoder.go:300.4,300.27 1 10
github.com/umatare5/xflow-exporter/internal/collector/decoder.go:301.5,304.1 1 7
github.com/umatare5/xflow-exporter/internal/collector/decoder.go:305.4,305.28 1 10
github.com/umatare5/xflow-exporter/internal/collector/decoder.go:306.5,309.1 1 5
github.com/umatare5/xflow-exporter/internal/collector/decoder.go:314.4,314.58 1 7
github.com/umatare5/xflow-exporter/internal/collector/decoder.go:315.51,315.51 0 1
github.com/umatare5/xflow-exporter/internal/collector/decoder.go:320.3,323.1 2 33
github.com/umatare5/xflow-exporter/internal/collector/decoder.go:327.3,327.28 2 33
github.com/umatare5/xflow-exporter/internal/collector/decoder.go:328.4,331.1 1 6
github.com/umatare5/xflow-exporter/internal/collector/decoder.go:336.3,336.32 1 33
github.com/umatare5/xflow-exporter/internal/collector/decoder.go:337.4,340.1 1 2
github.com/umatare5/xflow-exporter/internal/collector/decoder.go:344.3,344.30 1 33
github.com/umatare5/xflow-exporter/internal/collector/decoder.go:345.4,348.1 1 0
github.com/umatare5/xflow-exporter/internal/collector/distributions.go:28.2,33.1 3 13
github.com/umatare5/xflow-exporter/internal/collector/distributions.go:34.2,35.1 3 13
github.com/umatare5/xflow-exporter/internal/collector/distributions.go:36.2,51.1 3 13
github.com/umatare5/xflow-exporter/internal/collector/distributions.go:56.2,59.1 3 0
github.com/umatare5/xflow-exporter/internal/collector/distributions.go:63.2,64.1 1 13
github.com/umatare5/xflow-exporter/internal/collector/distributions.go:79.2,84.1 2 13
github.com/umatare5/xflow-exporter/internal/collector/distributions.go:85.2,85.25 2 13
github.com/umatare5/xflow-exporter/internal/collector/distributions.go:86.3,87.1 2 202
github.com/umatare5/xflow-exporter/internal/collector/distributions.go:89.3,89.21 2 202
github.com/umatare5/xflow-exporter/internal/collector/distributions.go:90.4,90.12 1 2
github.com/umatare5/xflow-exporter/internal/collector/distributions.go:93.3,93.43 1 200
github.com/umatare5/xflow-exporter/internal/collector/distributions.go:94.4,96.1 2 14
github.com/umatare5/xflow-exporter/internal/collector/distributions.go:100.3,100.22 1 200
github.com/umatare5/xflow-exporter/internal/collector/distributions.go:101.4,101.22 1 198
github.com/umatare5/xflow-exporter/internal/collector/distributions.go:102.5,103.1 1 12
github.com/umatare5/xflow-exporter/internal/collector/distributions.go:104.4,105.35 2 198
github.com/umatare5/xflow-exporter/internal/collector/distributions.go:110.3,110.39 1 200
github.com/umatare5/xflow-exporter/internal/collector/distributions.go:111.4,111.25 1 11
github.com/umatare5/xflow-exporter/internal/collector/distributions.go:112.5,113.1 1 8
github.com/umatare5/xflow-exporter/internal/collector/distributions.go:114.4,114.42 1 11
github.com/umatare5/xflow-exporter/internal/collector/enrichment.go:30.2,58.1 1 7
github.com/umatare5/xflow-exporter/internal/collector/enrichment.go:63.2,64.21 2 10
github.com/umatare5/xflow-exporter/internal/collector/enrichment.go:65.3,69.1 4 3
github.com/umatare5/xflow-exporter/internal/collector/enrichment.go:76.2,76.40 1 10
github.com/umatare5/xflow-exporter/internal/collector/enrichment.go:77.3,84.1 1 10
github.com/umatare5/xflow-exporter/internal/collector/enrichment.go:85.4,88.1 1 30
github.com/umatare5/xflow-exporter/internal/collector/enrichment.go:91.2,91.21 1 10
github.com/umatare5/xflow-exporter/internal/collector/enrichment.go:92.3,93.1 1 7
github.com/umatare5/xflow-exporter/internal/collector/enrichment.go:95.2,100.70 5 3
github.com/umatare5/xflow-exporter/internal/collector/entries.go:54.2,55.1 1 1
github.com/umatare5/xflow-exporter/internal/collector/entries.go:59.2,60.1 1 0
github.com/umatare5/xflow-exporter/internal/collector/entries.go:68.2,68.14 1 14
github.com/umatare5/xflow-exporter/internal/collector/entries.go:70.3,70.28 1 6
github.com/umatare5/xflow-exporter/internal/collector/entries.go:72.3,72.74 1 5
github.com/umatare5/xflow-exporter/internal/collector/entries.go:74.3,74.86 1 1
github.com/umatare5/xflow-exporter/internal/collector/entries.go:76.3,76.102 1 0
github.com/umatare5/xflow-exporter/internal/collector/entries.go:78.3,78.87 1 0
github.com/umatare5/xflow-exporter/internal/collector/entries.go:80.3,80.71 1 0
github.com/umatare5/xflow-exporter/internal/collector/entries.go:82.3,82.70 1 0
github.com/umatare5/xflow-exporter/internal/collector/entries.go:84.3,84.94 1 0
github.com/umatare5/xflow-exporter/internal/collector/entries.go:86.3,86.89 1 0
github.com/umatare5/xflow-exporter/internal/collector/entries.go:88.3,88.82 1 0
github.com/umatare5/xflow-exporter/internal/collector/entries.go:90.3,90.74 1 0
github.com/umatare5/xflow-exporter/internal/collector/entries.go:92.2,92.36 1 2
github.com/umatare5/xflow-exporter/internal/collector/entries.go:101.2,101.14 1 6
github.com/umatare5/xflow-exporter/internal/collector/entries.go:102.3,103.1 1 1
github.com/umatare5/xflow-exporter/internal/collector/entries.go:107.2,109.70 3 5
github.com/umatare5/xflow-exporter/internal/collector/entries.go:116.2,116.26 1 6
github.com/umatare5/xflow-exporter/internal/collector/entries.go:117.3,118.1 1 1
github.com/umatare5/xflow-exporter/internal/collector/entries.go:120.2,122.75 3 5
github.com/umatare5/xflow-exporter/internal/collector/entries.go:131.2,132.1 3 10
github.com/umatare5/xflow-exporter/internal/collector/entries.go:133.2,134.1 3 10
github.com/umatare5/xflow-exporter/internal/collector/entries.go:135.2,135.28 3 10
github.com/umatare5/xflow-exporter/internal/collector/entries.go:136.3,137.19 2 97
github.com/umatare5/xflow-exporter/internal/collector/entries.go:138.4,138.12 1 35
github.com/umatare5/xflow-exporter/internal/collector/entries.go:140.3,144.75 5 62
github.com/umatare5/xflow-exporter/internal/collector/entries.go:147.2,155.1 1 10
github.com/umatare5/xflow-exporter/internal/collector/entries.go:159.2,162.1 1 107
github.com/umatare5/xflow-exporter/internal/collector/flows.go:54.2,62.1 1 110
github.com/umatare5/xflow-exporter/internal/collector/flows.go:67.2,70.1 3 103
github.com/umatare5/xflow-exporter/internal/collector/flows.go:76.2,76.57 1 266
github.com/umatare5/xflow-exporter/internal/collector/flows.go:77.3,78.17 2 640
github.com/umatare5/xflow-exporter/internal/collector/flows.go:79.4,80.1 1 2
github.com/umatare5/xflow-exporter/internal/collector/flows.go:81.3,82.14 2 638
github.com/umatare5/xflow-exporter/internal/collector/flows.go:89.2,89.26 1 266
github.com/umatare5/xflow-exporter/internal/collector/flows.go:90.3,90.35 1 258
github.com/umatare5/xflow-exporter/internal/collector/flows.go:91.4,92.1 1 2
github.com/umatare5/xflow-exporter/internal/collector/flows.go:94.2,94.28 1 264
github.com/umatare5/xflow-exporter/internal/collector/flows.go:95.3,95.39 1 118
github.com/umatare5/xflow-exporter/internal/collector/flows.go:96.4,97.1 1 0
github.com/umatare5/xflow-exporter/internal/collector/flows.go:99.2,99.29 1 264
github.com/umatare5/xflow-exporter/internal/collector/flows.go:147.2,169.1 2 46
github.com/umatare5/xflow-exporter/internal/collector/flows.go:171.2,171.23 2 46
github.com/umatare5/xflow-exporter/internal/collector/flows.go:172.3,174.1 1 8
github.com/umatare5/xflow-exporter/internal/collector/flows.go:175.2,175.19 1 46
github.com/umatare5/xflow-exporter/internal/collector/flows.go:176.3,178.1 1 28
github.com/umatare5/xflow-exporter/internal/collector/flows.go:179.2,179.22 1 46
github.com/umatare5/xflow-exporter/internal/collector/flows.go:180.3,185.1 1 8
github.com/umatare5/xflow-exporter/internal/collector/flows.go:186.2,186.26 1 46
github.com/umatare5/xflow-exporter/internal/collector/flows.go:187.3,189.1 1 7
github.com/umatare5/xflow-exporter/internal/collector/flows.go:190.2,190.22 1 46
github.com/umatare5/xflow-exporter/internal/collector/flows.go:191.3,193.1 1 7
github.com/umatare5/xflow-exporter/internal/collector/flows.go:194.2,194.18 1 46
github.com/umatare5/xflow-exporter/internal/collector/flows.go:195.3,197.1 1 7
github.com/umatare5/xflow-exporter/internal/collector/flows.go:198.2,198.18 1 46
github.com/umatare5/xflow-exporter/internal/collector/flows.go:199.3,206.1 2 14
github.com/umatare5/xflow-exporter/internal/collector/flows.go:207.2,207.26 1 46
github.com/umatare5/xflow-exporter/internal/collector/flows.go:208.3,210.1 1 7
github.com/umatare5/xflow-exporter/internal/collector/flows.go:211.2,211.23 1 46
github.com/umatare5/xflow-exporter/internal/collector/flows.go:212.3,214.1 1 7
github.com/umatare5/xflow-exporter/internal/collector/flows.go:215.2,215.21 1 46
github.com/umatare5/xflow-exporter/internal/collector/flows.go:216.3,218.1 1 8
github.com/umatare5/xflow-exporter/internal/collector/flows.go:219.2,219.19 1 46
github.com/umatare5/xflow-exporter/internal/collector/flows.go:220.3,222.1 1 9
github.com/umatare5/xflow-exporter/internal/collector/flows.go:226.2,226.35 1 46
github.com/umatare5/xflow-exporter/internal/collector/flows.go:227.3,232.1 1 3
github.com/umatare5/xflow-exporter/internal/collector/flows.go:233.2,233.18 1 46
github.com/umatare5/xflow-exporter/internal/collector/flows.go:234.3,244.1 2 9
github.com/umatare5/xflow-exporter/internal/collector/flows.go:246.2,246.10 1 46
github.com/umatare5/xflow-exporter/internal/collector/flows.go:251.2,251.25 1 49
github.com/umatare5/xflow-exporter/internal/collector/flows.go:252.3,253.1 1 6
github.com/umatare5/xflow-exporter/internal/collector/flows.go:254.2,254.21 1 49
github.com/umatare5/xflow-exporter/internal/collector/flows.go:255.3,256.1 1 31
github.com/umatare5/xflow-exporter/internal/collector/flows.go:257.2,257.24 1 49
github.com/umatare5/xflow-exporter/internal/collector/flows.go:258.3,259.1 1 7
github.com/umatare5/xflow-exporter/internal/collector/flows.go:260.2,260.28 1 49
github.com/umatare5/xflow-exporter/internal/collector/flows.go:261.3,262.1 1 6
github.com/umatare5/xflow-exporter/internal/collector/flows.go:263.2,263.24 1 49
github.com/umatare5/xflow-exporter/internal/collector/flows.go:264.3,265.1 1 6
github.com/umatare5/xflow-exporter/internal/collector/flows.go:266.2,266.20 1 49
github.com/umatare5/xflow-exporter/internal/collector/flows.go:267.3,268.1 1 6
github.com/umatare5/xflow-exporter/internal/collector/flows.go:269.2,269.20 1 49
github.com/umatare5/xflow-exporter/internal/collector/flows.go:270.3,271.27 2 13
github.com/umatare5/xflow-exporter/internal/collector/flows.go:272.4,273.1 1 13
github.com/umatare5/xflow-exporter/internal/collector/flows.go:275.2,275.28 1 49
github.com/umatare5/xflow-exporter/internal/collector/flows.go:276.3,277.1 1 6
github.com/umatare5/xflow-exporter/internal/collector/flows.go:278.2,278.25 1 49
github.com/umatare5/xflow-exporter/internal/collector/flows.go:279.3,280.1 1 6
github.com/umatare5/xflow-exporter/internal/collector/flows.go:281.2,281.23 1 49
github.com/umatare5/xflow-exporter/internal/collector/flows.go:282.3,283.1 1 7
github.com/umatare5/xflow-exporter/internal/collector/flows.go:284.2,284.21 1 49
github.com/umatare5/xflow-exporter/internal/collector/flows.go:285.3,286.1 1 9
github.com/umatare5/xflow-exporter/internal/collector/flows.go:287.2,287.27 1 49
github.com/umatare5/xflow-exporter/internal/collector/flows.go:288.3,289.1 1 3
github.com/umatare5/xflow-exporter/internal/collector/flows.go:290.2,290.29 1 49
github.com/umatare5/xflow-exporter/internal/collector/flows.go:291.3,293.1 2 10
github.com/umatare5/xflow-exporter/internal/collector/flows.go:294.2,296.22 3 49
github.com/umatare5/xflow-exporter/internal/collector/flows.go:301.2,302.1 3 54
github.com/umatare5/xflow-exporter/internal/collector/flows.go:306.2,307.20 3 54
github.com/umatare5/xflow-exporter/internal/collector/flows.go:308.3,309.1 1 9
github.com/umatare5/xflow-exporter/internal/collector/flows.go:310.2,311.18 2 54
github.com/umatare5/xflow-exporter/internal/collector/flows.go:312.3,313.1 1 9
github.com/umatare5/xflow-exporter/internal/collector/flows.go:315.2,315.25 1 54
github.com/umatare5/xflow-exporter/internal/collector/flows.go:316.3,317.1 1 6
github.com/umatare5/xflow-exporter/internal/collector/flows.go:318.2,318.21 1 54
github.com/umatare5/xflow-exporter/internal/collector/flows.go:319.3,319.77 1 37
github.com/umatare5/xflow-exporter/internal/collector/flows.go:320.4,321.1 1 80
github.com/umatare5/xflow-exporter/internal/collector/flows.go:323.2,323.24 1 54
github.com/umatare5/xflow-exporter/internal/collector/flows.go:324.3,324.86 1 7
github.com/umatare5/xflow-exporter/internal/collector/flows.go:325.4,326.1 1 10
github.com/umatare5/xflow-exporter/internal/collector/flows.go:328.2,328.28 1 54
github.com/umatare5/xflow-exporter/internal/collector/flows.go:329.3,330.1 1 6
github.com/umatare5/xflow-exporter/internal/collector/flows.go:331.2,331.24 1 54
github.com/umatare5/xflow-exporter/internal/collector/flows.go:332.3,333.1 1 6
github.com/umatare5/xflow-exporter/internal/collector/flows.go:334.2,334.20 1 54
github.com/umatare5/xflow-exporter/internal/collector/flows.go:335.3,336.1 1 6
github.com/umatare5/xflow-exporter/internal/collector/flows.go:337.2,337.20 1 54
github.com/umatare5/xflow-exporter/internal/collector/flows.go:338.3,340.1 2 13
github.com/umatare5/xflow-exporter/internal/collector/flows.go:341.2,341.28 1 54
github.com/umatare5/xflow-exporter/internal/collector/flows.go:342.3,343.1 1 6
github.com/umatare5/xflow-exporter/internal/collector/flows.go:344.2,344.25 1 54
github.com/umatare5/xflow-exporter/internal/collector/flows.go:345.3,346.1 1 6
github.com/umatare5/xflow-exporter/internal/collector/flows.go:347.2,347.23 1 54
github.com/umatare5/xflow-exporter/internal/collector/flows.go:348.3,348.83 1 7
github.com/umatare5/xflow-exporter/internal/collector/flows.go:349.4,350.1 1 13
github.com/umatare5/xflow-exporter/internal/collector/flows.go:352.2,352.21 1 54
github.com/umatare5/xflow-exporter/internal/collector/flows.go:353.3,354.1 1 8
github.com/umatare5/xflow-exporter/internal/collector/flows.go:356.2,356.36 1 54
github.com/umatare5/xflow-exporter/internal/collector/flows.go:369.2,369.17 1 103
github.com/umatare5/xflow-exporter/internal/collector/flows.go:370.3,371.1 1 89
github.com/umatare5/xflow-exporter/internal/collector/flows.go:372.2,372.36 1 14
github.com/umatare5/xflow-exporter/internal/collector/flows.go:373.3,373.19 1 28
github.com/umatare5/xflow-exporter/internal/collector/flows.go:374.4,374.12 1 0
github.com/umatare5/xflow-exporter/internal/collector/flows.go:376.3,376.53 1 28
github.com/umatare5/xflow-exporter/internal/collector/flows.go:391.2,391.18 1 54
github.com/umatare5/xflow-exporter/internal/collector/flows.go:392.3,393.1 1 45
github.com/umatare5/xflow-exporter/internal/collector/flows.go:399.2,399.50 1 9
github.com/umatare5/xflow-exporter/internal/collector/flows.go:400.3,402.17 2 3
github.com/umatare5/xflow-exporter/internal/collector/flows.go:403.4,403.12 1 0
github.com/umatare5/xflow-exporter/internal/collector/flows.go:405.3,405.10 1 3
github.com/umatare5/xflow-exporter/internal/collector/flows.go:408.2,408.27 1 9
github.com/umatare5/xflow-exporter/internal/collector/flows.go:409.3,410.10 2 16
github.com/umatare5/xflow-exporter/internal/collector/flows.go:411.4,411.12 1 6
github.com/umatare5/xflow-exporter/internal/collector/flows.go:413.3,415.17 2 10
github.com/umatare5/xflow-exporter/internal/collector/flows.go:416.4,416.12 1 0
github.com/umatare5/xflow-exporter/internal/collector/flows.go:418.3,418.10 1 10
github.com/umatare5/xflow-exporter/internal/collector/flows.go:421.2,421.27 1 9
github.com/umatare5/xflow-exporter/internal/collector/flows.go:422.3,423.1 1 6
github.com/umatare5/xflow-exporter/internal/collector/flows.go:427.2,427.43 1 3
github.com/umatare5/xflow-exporter/internal/collector/flows.go:428.3,430.17 2 4
github.com/umatare5/xflow-exporter/internal/collector/flows.go:431.4,431.12 1 0
github.com/umatare5/xflow-exporter/internal/collector/flows.go:433.3,433.10 1 4
github.com/umatare5/xflow-exporter/internal/collector/flows.go:441.2,442.28 2 6
github.com/umatare5/xflow-exporter/internal/collector/flows.go:443.3,444.1 1 6
github.com/umatare5/xflow-exporter/internal/collector/flows.go:445.2,445.71 1 6
github.com/umatare5/xflow-exporter/internal/collector/flows.go:463.2,464.1 3 102
github.com/umatare5/xflow-exporter/internal/collector/flows.go:465.2,466.24 3 102
github.com/umatare5/xflow-exporter/internal/collector/flows.go:467.3,468.1 1 152
github.com/umatare5/xflow-exporter/internal/collector/flows.go:470.2,471.12 2 102
github.com/umatare5/xflow-exporter/internal/collector/flows.go:478.2,480.1 2 118
github.com/umatare5/xflow-exporter/internal/collector/flows.go:490.2,490.9 1 100830
github.com/umatare5/xflow-exporter/internal/collector/flows.go:492.3,492.12 1 41635
github.com/umatare5/xflow-exporter/internal/collector/flows.go:494.3,494.11 1 44324
github.com/umatare5/xflow-exporter/internal/collector/flows.go:496.3,496.12 1 4523
github.com/umatare5/xflow-exporter/internal/collector/flows.go:498.3,498.11 1 10319
github.com/umatare5/xflow-exporter/internal/collector/flows.go:500.3,500.11 1 29
github.com/umatare5/xflow-exporter/internal/collector/flows.go:506.2,507.1 1 369
github.com/umatare5/xflow-exporter/internal/collector/flows.go:519.2,519.27 1 231
github.com/umatare5/xflow-exporter/internal/collector/flows.go:520.3,522.1 2 74
github.com/umatare5/xflow-exporter/internal/collector/flows.go:523.3,524.1 1 157
github.com/umatare5/xflow-exporter/internal/collector/flows.go:525.2,525.26 1 231
github.com/umatare5/xflow-exporter/internal/collector/flows.go:534.2,534.27 1 364
github.com/umatare5/xflow-exporter/internal/collector/flows.go:535.3,536.1 1 140
github.com/umatare5/xflow-exporter/internal/collector/flows.go:538.2,538.28 1 364
github.com/umatare5/xflow-exporter/internal/collector/flows.go:539.3,539.27 1 9409
github.com/umatare5/xflow-exporter/internal/collector/flows.go:540.4,541.1 1 4
github.com/umatare5/xflow-exporter/internal/collector/flows.go:543.2,543.16 1 360
github.com/umatare5/xflow-exporter/internal/collector/flows.go:555.2,556.14 2 74
github.com/umatare5/xflow-exporter/internal/collector/flows.go:557.3,558.10 2 255
github.com/umatare5/xflow-exporter/internal/collector/flows.go:560.4,560.10 1 26
github.com/umatare5/xflow-exporter/internal/collector/flows.go:562.4,562.14 1 34
github.com/umatare5/xflow-exporter/internal/collector/flows.go:564.4,564.14 1 195
github.com/umatare5/xflow-exporter/internal/collector/flows.go:574.2,575.51 2 255
github.com/umatare5/xflow-exporter/internal/collector/flows.go:576.3,577.1 1 53
github.com/umatare5/xflow-exporter/internal/collector/flows.go:578.2,578.50 1 255
github.com/umatare5/xflow-exporter/internal/collector/flows.go:579.3,580.1 1 50
github.com/umatare5/xflow-exporter/internal/collector/flows.go:581.2,581.51 1 255
github.com/umatare5/xflow-exporter/internal/collector/flows.go:582.3,583.1 1 83
github.com/umatare5/xflow-exporter/internal/collector/flows.go:585.2,587.1 4 255
github.com/umatare5/xflow-exporter/internal/collector/flows.go:588.2,589.27 4 255
github.com/umatare5/xflow-exporter/internal/collector/flows.go:590.3,590.44 1 28065
github.com/umatare5/xflow-exporter/internal/collector/flows.go:591.4,593.1 2 14177
github.com/umatare5/xflow-exporter/internal/collector/flows.go:595.2,596.17 2 255
github.com/umatare5/xflow-exporter/internal/collector/flows.go:602.2,604.24 3 108
github.com/umatare5/xflow-exporter/internal/collector/flows.go:605.3,606.1 1 549
github.com/umatare5/xflow-exporter/internal/collector/flows.go:607.2,607.15 1 108
github.com/umatare5/xflow-exporter/internal/collector/flows.go:612.2,612.35 1 54
github.com/umatare5/xflow-exporter/internal/collector/flows.go:613.3,619.1 3 109
github.com/umatare5/xflow-exporter/internal/collector/flows.go:625.2,628.1 1 37
github.com/umatare5/xflow-exporter/internal/collector/flows.go:632.2,635.1 1 189
github.com/umatare5/xflow-exporter/internal/collector/flows.go:639.2,643.1 1 17
github.com/umatare5/xflow-exporter/internal/collector/flows.go:647.2,650.1 1 15
github.com/umatare5/xflow-exporter/internal/collector/flows.go:654.2,655.1 1 7
github.com/umatare5/xflow-exporter/internal/collector/flows.go:658.2,659.1 1 7
github.com/umatare5/xflow-exporter/internal/collector/flows.go:675.2,675.23 1 13
github.com/umatare5/xflow-exporter/internal/collector/flows.go:676.3,677.1 1 2
github.com/umatare5/xflow-exporter/internal/collector/flows.go:680.2,681.1 3 11
github.com/umatare5/xflow-exporter/internal/collector/flows.go:682.2,683.24 3 11
github.com/umatare5/xflow-exporter/internal/collector/flows.go:684.3,684.68 1 11
github.com/umatare5/xflow-exporter/internal/collector/flows.go:685.4,685.15 1 22
github.com/umatare5/xflow-exporter/internal/collector/flows.go:686.5,686.13 1 1
github.com/umatare5/xflow-exporter/internal/collector/flows.go:688.4,688.34 1 21
github.com/umatare5/xflow-exporter/internal/collector/flows.go:689.5,689.13 1 0
github.com/umatare5/xflow-exporter/internal/collector/flows.go:691.4,692.1 3 21
github.com/umatare5/xflow-exporter/internal/collector/flows.go:693.4,694.11 3 21
github.com/umatare5/xflow-exporter/internal/collector/flows.go:695.5,695.13 1 4
github.com/umatare5/xflow-exporter/internal/collector/flows.go:701.4,703.18 2 17
github.com/umatare5/xflow-exporter/internal/collector/flows.go:704.5,704.13 1 1
github.com/umatare5/xflow-exporter/internal/collector/flows.go:706.4,706.11 1 16
github.com/umatare5/xflow-exporter/internal/collector/flows.go:712.2,716.1 1 26
github.com/umatare5/xflow-exporter/internal/collector/flows.go:720.2,721.1 1 15
github.com/umatare5/xflow-exporter/internal/collector/flows.go:727.2,729.1 1 13
github.com/umatare5/xflow-exporter/internal/collector/flows.go:735.2,738.1 1 20
github.com/umatare5/xflow-exporter/internal/collector/flows.go:746.2,747.1 1 462
github.com/umatare5/xflow-exporter/internal/collector/flows.go:752.2,753.1 1 17
github.com/umatare5/xflow-exporter/internal/collector/flows.go:757.2,758.1 1 38
github.com/umatare5/xflow-exporter/internal/collector/flows.go:762.2,762.16 1 26
github.com/umatare5/xflow-exporter/internal/collector/flows.go:763.3,764.1 1 13
github.com/umatare5/xflow-exporter/internal/collector/flows.go:765.2,765.13 1 13
github.com/umatare5/xflow-exporter/internal/collector/flows.go:794.2,794.45 1 48
github.com/umatare5/xflow-exporter/internal/collector/flows.go:795.3,796.1 1 34
github.com/umatare5/xflow-exporter/internal/collector/flows.go:797.2,797.36 1 14
github.com/umatare5/xflow-exporter/internal/collector/flows.go:825.2,825.16 1 15
github.com/umatare5/xflow-exporter/internal/collector/flows.go:826.3,827.1 1 7
github.com/umatare5/xflow-exporter/internal/collector/flows.go:829.2,830.32 2 8
github.com/umatare5/xflow-exporter/internal/collector/flows.go:831.3,831.24 1 64
github.com/umatare5/xflow-exporter/internal/collector/flows.go:832.4,832.12 1 48
github.com/umatare5/xflow-exporter/internal/collector/flows.go:834.3,834.18 1 16
github.com/umatare5/xflow-exporter/internal/collector/flows.go:835.4,836.1 1 8
github.com/umatare5/xflow-exporter/internal/collector/flows.go:837.3,837.24 1 16
github.com/umatare5/xflow-exporter/internal/collector/flows.go:839.2,839.19 1 8
github.com/umatare5/xflow-exporter/internal/collector/flows.go:865.2,865.37 1 19
github.com/umatare5/xflow-exporter/internal/collector/flows.go:866.3,867.1 1 14
github.com/umatare5/xflow-exporter/internal/collector/flows.go:868.2,868.32 1 5
github.com/umatare5/xflow-exporter/internal/collector/receiver.go:41.2,42.1 2 6
github.com/umatare5/xflow-exporter/internal/collector/receiver.go:43.2,75.1 2 6
github.com/umatare5/xflow-exporter/internal/collector/receiver.go:80.2,86.1 6 6
github.com/umatare5/xflow-exporter/internal/collector/receiver.go:90.2,90.48 1 5
github.com/umatare5/xflow-exporter/internal/collector/receiver.go:91.3,103.1 5 8
github.com/umatare5/xflow-exporter/internal/collector/receiver.go:105.2,108.73 2 5
github.com/umatare5/xflow-exporter/internal/collector/remotewrite.go:30.2,52.1 1 2
github.com/umatare5/xflow-exporter/internal/collector/remotewrite.go:57.2,61.1 4 2
github.com/umatare5/xflow-exporter/internal/collector/remotewrite.go:65.2,66.1 6 2
github.com/umatare5/xflow-exporter/internal/collector/remotewrite.go:67.2,68.1 6 2
github.com/umatare5/xflow-exporter/internal/collector/remotewrite.go:69.2,72.1 6 2
github.com/umatare5/xflow-exporter/internal/collector/remotewrite.go:75.2,75.34 6 2
github.com/umatare5/xflow-exporter/internal/collector/remotewrite.go:76.3,79.1 1 0
github.com/umatare5/xflow-exporter/internal/collector/safe.go:20.2,23.1 1 18
github.com/umatare5/xflow-exporter/internal/collector/safe.go:28.2,29.1 1 17
github.com/umatare5/xflow-exporter/internal/collector/safe.go:34.2,34.15 1 17
github.com/umatare5/xflow-exporter/internal/collector/safe.go:35.3,35.31 1 17
github.com/umatare5/xflow-exporter/internal/collector/safe.go:36.4,42.1 1 1
github.com/umatare5/xflow-exporter/internal/collector/safe.go:45.2,45.20 1 17
github.com/umatare5/xflow-exporter/internal/config/config.go:187.2,188.1 1 23
github.com/umatare5/xflow-exporter/internal/config/config.go:204.2,268.1 2 3
github.com/umatare5/xflow-exporter/internal/config/config.go:270.2,270.39 2 3
github.com/umatare5/xflow-exporter/internal/config/config.go:271.3,272.1 1 1
github.com/umatare5/xflow-exporter/internal/config/config.go:274.2,274.17 1 2
github.com/umatare5/xflow-exporter/internal/config/config.go:279.2,332.1 2 65
github.com/umatare5/xflow-exporter/internal/config/config.go:334.2,334.39 2 65
github.com/umatare5/xflow-exporter/internal/config/config.go:335.3,335.21 1 529
github.com/umatare5/xflow-exporter/internal/config/config.go:336.4,337.1 1 22
github.com/umatare5/xflow-exporter/internal/config/config.go:340.2,340.45 1 43
github.com/umatare5/xflow-exporter/internal/config/config.go:341.3,342.1 1 13
github.com/umatare5/xflow-exporter/internal/config/config.go:344.2,344.43 1 30
github.com/umatare5/xflow-exporter/internal/config/config.go:345.3,346.1 1 3
github.com/umatare5/xflow-exporter/internal/config/config.go:348.2,348.48 1 27
github.com/umatare5/xflow-exporter/internal/config/config.go:349.3,350.1 1 4
github.com/umatare5/xflow-exporter/internal/config/config.go:352.2,352.48 1 23
github.com/umatare5/xflow-exporter/internal/config/config.go:353.3,354.1 1 8
github.com/umatare5/xflow-exporter/internal/config/config.go:356.2,356.12 1 15
github.com/umatare5/xflow-exporter/internal/config/config.go:361.2,362.18 2 23
github.com/umatare5/xflow-exporter/internal/config/config.go:363.3,364.1 1 14
github.com/umatare5/xflow-exporter/internal/config/config.go:366.2,367.16 2 9
github.com/umatare5/xflow-exporter/internal/config/config.go:372.3,373.1 1 1
github.com/umatare5/xflow-exporter/internal/config/config.go:375.2,399.1 2 8
github.com/umatare5/xflow-exporter/internal/config/config.go:401.2,401.39 2 8
github.com/umatare5/xflow-exporter/internal/config/config.go:402.3,402.21 1 23
github.com/umatare5/xflow-exporter/internal/config/config.go:403.4,404.1 1 7
github.com/umatare5/xflow-exporter/internal/config/config.go:407.2,407.12 1 1
github.com/umatare5/xflow-exporter/internal/config/config.go:414.2,414.23 1 3
github.com/umatare5/xflow-exporter/internal/config/config.go:415.3,416.1 1 3
github.com/umatare5/xflow-exporter/internal/config/config.go:418.2,419.32 2 0
github.com/umatare5/xflow-exporter/internal/config/config.go:420.3,422.27 3 0
github.com/umatare5/xflow-exporter/internal/config/config.go:423.4,423.12 1 0
github.com/umatare5/xflow-exporter/internal/config/config.go:425.3,425.43 1 0
github.com/umatare5/xflow-exporter/internal/config/config.go:427.2,427.23 1 0
github.com/umatare5/xflow-exporter/internal/config/config.go:428.3,429.1 1 0
github.com/umatare5/xflow-exporter/internal/config/config.go:430.2,430.16 1 0
github.com/umatare5/xflow-exporter/internal/config/config.go:435.2,436.1 3 27
github.com/umatare5/xflow-exporter/internal/config/config.go:437.2,457.1 3 27
github.com/umatare5/xflow-exporter/internal/config/config.go:459.2,459.39 3 27
github.com/umatare5/xflow-exporter/internal/config/config.go:460.3,460.21 1 102
github.com/umatare5/xflow-exporter/internal/config/config.go:461.4,462.1 1 4
github.com/umatare5/xflow-exporter/internal/config/config.go:465.2,465.12 1 23
github.com/umatare5/xflow-exporter/internal/config/config.go:472.2,473.1 4 30
github.com/umatare5/xflow-exporter/internal/config/config.go:474.2,475.1 4 30
github.com/umatare5/xflow-exporter/internal/config/config.go:476.2,489.1 4 30
github.com/umatare5/xflow-exporter/internal/config/config.go:491.2,491.39 4 30
github.com/umatare5/xflow-exporter/internal/config/config.go:492.3,492.21 1 58
github.com/umatare5/xflow-exporter/internal/config/config.go:493.4,494.1 1 3
github.com/umatare5/xflow-exporter/internal/config/config.go:497.2,497.12 1 27
github.com/umatare5/xflow-exporter/internal/config/config.go:502.2,510.1 4 43
github.com/umatare5/xflow-exporter/internal/config/config.go:511.2,512.1 4 43
github.com/umatare5/xflow-exporter/internal/config/config.go:513.2,543.1 4 43
github.com/umatare5/xflow-exporter/internal/config/config.go:545.2,545.39 4 43
github.com/umatare5/xflow-exporter/internal/config/config.go:546.3,546.21 1 238
github.com/umatare5/xflow-exporter/internal/config/config.go:547.4,548.1 1 9
github.com/umatare5/xflow-exporter/internal/config/config.go:551.2,552.38 2 34
github.com/umatare5/xflow-exporter/internal/config/config.go:553.3,553.58 1 36
github.com/umatare5/xflow-exporter/internal/config/config.go:554.4,555.1 1 3
github.com/umatare5/xflow-exporter/internal/config/config.go:556.3,556.20 1 33
github.com/umatare5/xflow-exporter/internal/config/config.go:557.4,558.1 1 1
github.com/umatare5/xflow-exporter/internal/config/config.go:559.3,559.23 1 32
github.com/umatare5/xflow-exporter/internal/config/config.go:562.2,562.12 1 30
github.com/umatare5/xflow-exporter/internal/config/config.go:567.2,568.16 2 36
github.com/umatare5/xflow-exporter/internal/config/config.go:569.3,570.1 1 1
github.com/umatare5/xflow-exporter/internal/config/config.go:572.2,573.56 2 35
github.com/umatare5/xflow-exporter/internal/config/config.go:574.3,575.1 1 1
github.com/umatare5/xflow-exporter/internal/config/config.go:577.2,577.29 1 34
github.com/umatare5/xflow-exporter/internal/config/config.go:578.3,579.1 1 1
github.com/umatare5/xflow-exporter/internal/config/config.go:581.2,581.12 1 33
github.com/umatare5/xflow-exporter/internal/config/config.go:593.2,593.16 1 99
github.com/umatare5/xflow-exporter/internal/config/config.go:594.3,595.1 1 31
github.com/umatare5/xflow-exporter/internal/config/config.go:596.2,597.19 2 68
github.com/umatare5/xflow-exporter/internal/config/config.go:601.2,603.1 2 72
github.com/umatare5/xflow-exporter/internal/config/config.go:606.2,608.1 2 70
github.com/umatare5/xflow-exporter/internal/flow/flow.go:33.2,33.11 1 7
github.com/umatare5/xflow-exporter/internal/flow/flow.go:35.3,35.22 1 1
github.com/umatare5/xflow-exporter/internal/flow/flow.go:37.3,37.22 1 1
github.com/umatare5/xflow-exporter/internal/flow/flow.go:39.3,39.22 1 1
github.com/umatare5/xflow-exporter/internal/flow/flow.go:41.3,41.17 1 1
github.com/umatare5/xflow-exporter/internal/flow/flow.go:43.3,43.20 1 1
github.com/umatare5/xflow-exporter/internal/flow/flow.go:45.3,45.22 1 1
github.com/umatare5/xflow-exporter/internal/flow/flow.go:47.3,47.22 1 1
github.com/umatare5/xflow-exporter/internal/flow/flow.go:68.2,68.11 1 0
github.com/umatare5/xflow-exporter/internal/flow/flow.go:70.3,70.19 1 0
github.com/umatare5/xflow-exporter/internal/flow/flow.go:72.3,72.18 1 0
github.com/umatare5/xflow-exporter/internal/flow/flow.go:74.3,74.22 1 0
github.com/umatare5/xflow-exporter/internal/flow/flow.go:76.3,76.22 1 0
github.com/umatare5/xflow-exporter/internal/flow/flow.go:205.2,206.1 1 0
github.com/umatare5/xflow-exporter/internal/flow/flow.go:211.2,211.40 1 4
github.com/umatare5/xflow-exporter/internal/flow/flow.go:212.3,213.1 1 2
github.com/umatare5/xflow-exporter/internal/flow/flow.go:214.2,214.33 1 2
github.com/umatare5/xflow-exporter/internal/flow/flow.go:221.2,222.15 2 4
github.com/umatare5/xflow-exporter/internal/flow/flow.go:223.3,224.1 1 1
github.com/umatare5/xflow-exporter/internal/flow/flow.go:225.2,225.77 1 4
github.com/umatare5/xflow-exporter/internal/flow/flow.go:229.2,230.13 2 8
github.com/umatare5/xflow-exporter/internal/flow/flow.go:231.3,232.1 1 2
github.com/umatare5/xflow-exporter/internal/flow/flow.go:233.2,233.11 1 6
github.com/umatare5/xflow-exporter/internal/enrich/enrich.go:60.2,65.1 1 23
github.com/umatare5/xflow-exporter/internal/enrich/enrich.go:95.2,96.1 1 6
github.com/umatare5/xflow-exporter/internal/enrich/enrich.go:100.2,101.1 1 30237
github.com/umatare5/xflow-exporter/internal/enrich/enrich.go:108.2,108.18 1 30234
github.com/umatare5/xflow-exporter/internal/enrich/enrich.go:109.3,110.1 1 2
github.com/umatare5/xflow-exporter/internal/enrich/enrich.go:112.2,112.25 1 30232
github.com/umatare5/xflow-exporter/internal/enrich/enrich.go:113.3,114.26 2 30236
github.com/umatare5/xflow-exporter/internal/enrich/enrich.go:115.4,115.12 1 2
github.com/umatare5/xflow-exporter/internal/enrich/enrich.go:117.3,117.33 1 30234
github.com/umatare5/xflow-exporter/internal/enrich/enrich.go:118.4,119.1 1 60464
github.com/umatare5/xflow-exporter/internal/enrich/enrich.go:125.2,125.14 1 2
github.com/umatare5/xflow-exporter/internal/enrich/enrich.go:126.3,127.1 1 1
github.com/umatare5/xflow-exporter/internal/enrich/enrich.go:129.2,130.32 2 1
github.com/umatare5/xflow-exporter/internal/enrich/enrich.go:131.3,132.1 1 1
github.com/umatare5/xflow-exporter/internal/enrich/enrich.go:133.2,133.18 1 1
github.com/umatare5/xflow-exporter/internal/enrich/enrich.go:145.2,145.14 1 439
github.com/umatare5/xflow-exporter/internal/enrich/enrich.go:146.3,147.1 1 0
github.com/umatare5/xflow-exporter/internal/enrich/enrich.go:149.2,151.1 4 439
github.com/umatare5/xflow-exporter/internal/enrich/enrich.go:152.2,153.32 4 439
github.com/umatare5/xflow-exporter/internal/enrich/enrich.go:154.3,155.10 2 862
github.com/umatare5/xflow-exporter/internal/enrich/enrich.go:156.4,156.12 1 0
github.com/umatare5/xflow-exporter/internal/enrich/enrich.go:158.3,158.43 1 862
github.com/umatare5/xflow-exporter/internal/enrich/enrich.go:159.4,160.1 1 1
github.com/umatare5/xflow-exporter/internal/enrich/enrich.go:162.2,162.29 1 439
github.com/umatare5/xflow-exporter/internal/enrich/enrich.go:167.2,167.14 1 2
github.com/umatare5/xflow-exporter/internal/enrich/enrich.go:168.3,169.1 1 1
github.com/umatare5/xflow-exporter/internal/enrich/enrich.go:171.2,171.32 1 1
github.com/umatare5/xflow-exporter/internal/enrich/enrich.go:172.3,173.10 2 2
github.com/umatare5/xflow-exporter/internal/enrich/enrich.go:174.4,174.12 1 0
github.com/umatare5/xflow-exporter/internal/enrich/enrich.go:176.3,176.40 1 2
github.com/umatare5/xflow-exporter/internal/enrich/enrich.go:177.4,178.1 1 0
github.com/umatare5/xflow-exporter/internal/enrich/mapping.go:79.2,80.1 1 2
github.com/umatare5/xflow-exporter/internal/enrich/mapping.go:84.2,86.1 2 5
github.com/umatare5/xflow-exporter/internal/enrich/mapping.go:91.2,92.1 1 1
github.com/umatare5/xflow-exporter/internal/enrich/mapping.go:112.2,113.35 2 62
github.com/umatare5/xflow-exporter/internal/enrich/mapping.go:114.3,115.1 1 44
github.com/umatare5/xflow-exporter/internal/enrich/mapping.go:116.2,116.15 1 18
github.com/umatare5/xflow-exporter/internal/enrich/mapping.go:121.2,122.1 1 6
github.com/umatare5/xflow-exporter/internal/enrich/mapping.go:126.2,127.1 1 6
github.com/umatare5/xflow-exporter/internal/enrich/mapping.go:131.2,132.1 1 17
github.com/umatare5/xflow-exporter/internal/enrich/mapping.go:140.2,141.16 2 63
github.com/umatare5/xflow-exporter/internal/enrich/mapping.go:142.3,143.1 1 45
github.com/umatare5/xflow-exporter/internal/enrich/mapping.go:144.2,145.12 2 18
github.com/umatare5/xflow-exporter/internal/enrich/mapping.go:155.2,155.37 1 6
github.com/umatare5/xflow-exporter/internal/enrich/mapping.go:156.3,158.1 2 2
github.com/umatare5/xflow-exporter/internal/enrich/mapping.go:160.2,161.16 2 4
github.com/umatare5/xflow-exporter/internal/enrich/mapping.go:162.3,164.1 2 0
github.com/umatare5/xflow-exporter/internal/enrich/mapping.go:166.2,166.70 1 4
github.com/umatare5/xflow-exporter/internal/enrich/mapping.go:167.3,170.1 3 2
github.com/umatare5/xflow-exporter/internal/enrich/mapping.go:171.2,171.70 1 2
github.com/umatare5/xflow-exporter/internal/enrich/mapping.go:172.3,175.1 3 1
github.com/umatare5/xflow-exporter/internal/enrich/mapping.go:177.2,177.18 1 1
github.com/umatare5/xflow-exporter/internal/enrich/mapping.go:208.2,209.16 2 63
github.com/umatare5/xflow-exporter/internal/enrich/mapping.go:210.3,211.1 1 0
github.com/umatare5/xflow-exporter/internal/enrich/mapping.go:212.2,213.1 5 63
github.com/umatare5/xflow-exporter/internal/enrich/mapping.go:214.2,216.1 5 63
github.com/umatare5/xflow-exporter/internal/enrich/mapping.go:217.2,218.45 5 63
github.com/umatare5/xflow-exporter/internal/enrich/mapping.go:219.3,220.1 1 6
github.com/umatare5/xflow-exporter/internal/enrich/mapping.go:225.2,225.70 1 57
github.com/umatare5/xflow-exporter/internal/enrich/mapping.go:226.3,227.1 1 1
github.com/umatare5/xflow-exporter/internal/enrich/mapping.go:229.2,229.27 1 56
github.com/umatare5/xflow-exporter/internal/enrich/mapping.go:235.2,235.37 1 63
github.com/umatare5/xflow-exporter/internal/enrich/mapping.go:236.3,237.1 1 0
github.com/umatare5/xflow-exporter/internal/enrich/mapping.go:244.2,250.1 3 56
github.com/umatare5/xflow-exporter/internal/enrich/mapping.go:255.2,256.44 3 56
github.com/umatare5/xflow-exporter/internal/enrich/mapping.go:257.3,258.17 2 55
github.com/umatare5/xflow-exporter/internal/enrich/mapping.go:259.4,260.1 1 2
github.com/umatare5/xflow-exporter/internal/enrich/mapping.go:261.3,261.48 1 53
github.com/umatare5/xflow-exporter/internal/enrich/mapping.go:262.4,263.1 1 3
github.com/umatare5/xflow-exporter/internal/enrich/mapping.go:264.3,265.1 2 50
github.com/umatare5/xflow-exporter/internal/enrich/mapping.go:266.3,266.58 2 50
github.com/umatare5/xflow-exporter/internal/enrich/mapping.go:267.4,268.1 1 28
github.com/umatare5/xflow-exporter/internal/enrich/mapping.go:271.2,272.43 2 23
github.com/umatare5/xflow-exporter/internal/enrich/mapping.go:273.3,274.17 2 20
github.com/umatare5/xflow-exporter/internal/enrich/mapping.go:275.4,276.1 1 5
github.com/umatare5/xflow-exporter/internal/enrich/mapping.go:277.3,277.44 1 15
github.com/umatare5/xflow-exporter/internal/enrich/mapping.go:278.4,279.1 1 0
github.com/umatare5/xflow-exporter/internal/enrich/mapping.go:280.3,281.51 2 15
github.com/umatare5/xflow-exporter/internal/enrich/mapping.go:282.4,283.1 1 15
github.com/umatare5/xflow-exporter/internal/enrich/mapping.go:284.3,284.38 1 15
github.com/umatare5/xflow-exporter/internal/enrich/mapping.go:285.4,286.1 1 1
github.com/umatare5/xflow-exporter/internal/enrich/mapping.go:292.2,292.24 1 18
github.com/umatare5/xflow-exporter/internal/enrich/mapping.go:293.3,295.1 1 1
github.com/umatare5/xflow-exporter/internal/enrich/mapping.go:297.2,297.17 1 18
github.com/umatare5/xflow-exporter/internal/enrich/mapping.go:302.2,302.84 1 50
github.com/umatare5/xflow-exporter/internal/enrich/mapping.go:303.3,304.1 1 3
github.com/umatare5/xflow-exporter/internal/enrich/mapping.go:306.2,306.27 1 47
github.com/umatare5/xflow-exporter/internal/enrich/mapping.go:307.3,307.55 1 17
github.com/umatare5/xflow-exporter/internal/enrich/mapping.go:308.4,309.1 1 6
github.com/umatare5/xflow-exporter/internal/enrich/mapping.go:310.3,310.42 1 11
github.com/umatare5/xflow-exporter/internal/enrich/mapping.go:313.2,313.50 1 41
github.com/umatare5/xflow-exporter/internal/enrich/mapping.go:314.3,315.17 2 11
github.com/umatare5/xflow-exporter/internal/enrich/mapping.go:316.4,317.1 1 4
github.com/umatare5/xflow-exporter/internal/enrich/mapping.go:318.3,318.46 1 7
github.com/umatare5/xflow-exporter/internal/enrich/mapping.go:319.4,320.1 1 1
github.com/umatare5/xflow-exporter/internal/enrich/mapping.go:321.3,321.59 1 6
github.com/umatare5/xflow-exporter/internal/enrich/mapping.go:324.2,324.46 1 36
github.com/umatare5/xflow-exporter/internal/enrich/mapping.go:330.2,330.21 1 36
github.com/umatare5/xflow-exporter/internal/enrich/mapping.go:331.3,332.1 1 7
github.com/umatare5/xflow-exporter/internal/enrich/mapping.go:334.2,335.36 2 29
github.com/umatare5/xflow-exporter/internal/enrich/mapping.go:336.3,337.17 2 42
github.com/umatare5/xflow-exporter/internal/enrich/mapping.go:338.4,339.1 1 4
github.com/umatare5/xflow-exporter/internal/enrich/mapping.go:340.3,340.77 1 38
github.com/umatare5/xflow-exporter/internal/enrich/mapping.go:341.4,342.1 1 9
github.com/umatare5/xflow-exporter/internal/enrich/mapping.go:344.3,344.22 1 29
github.com/umatare5/xflow-exporter/internal/enrich/mapping.go:345.4,345.12 1 8
github.com/umatare5/xflow-exporter/internal/enrich/mapping.go:347.3,347.49 1 21
github.com/umatare5/xflow-exporter/internal/enrich/mapping.go:348.4,349.1 1 1
github.com/umatare5/xflow-exporter/internal/enrich/mapping.go:350.3,350.51 1 20
github.com/umatare5/xflow-exporter/internal/enrich/mapping.go:353.2,354.12 2 15
github.com/umatare5/xflow-exporter/internal/enrich/mapping.go:360.2,360.23 1 38
github.com/umatare5/xflow-exporter/internal/enrich/mapping.go:361.3,362.1 1 2
github.com/umatare5/xflow-exporter/internal/enrich/mapping.go:364.2,364.35 1 36
github.com/umatare5/xflow-exporter/internal/enrich/mapping.go:365.3,366.17 2 43
github.com/umatare5/xflow-exporter/internal/enrich/mapping.go:367.4,368.1 1 5
github.com/umatare5/xflow-exporter/internal/enrich/mapping.go:369.3,369.29 1 38
github.com/umatare5/xflow-exporter/internal/enrich/mapping.go:370.4,372.1 1 2
github.com/umatare5/xflow-exporter/internal/enrich/mapping.go:374.2,374.12 1 29
github.com/umatare5/xflow-exporter/internal/enrich/mapping.go:379.2,380.16 2 55
github.com/umatare5/xflow-exporter/internal/enrich/mapping.go:381.3,382.1 1 2
github.com/umatare5/xflow-exporter/internal/enrich/mapping.go:387.2,387.26 1 53
github.com/umatare5/xflow-exporter/internal/enrich/mapping.go:392.2,392.42 1 11
github.com/umatare5/xflow-exporter/internal/enrich/mapping.go:393.3,394.1 1 3
github.com/umatare5/xflow-exporter/internal/enrich/mapping.go:395.2,396.40 2 8
github.com/umatare5/xflow-exporter/internal/enrich/mapping.go:397.3,398.1 1 1
github.com/umatare5/xflow-exporter/internal/enrich/mapping.go:399.2,399.29 1 7
github.com/umatare5/xflow-exporter/internal/enrich/mapping.go:404.2,404.42 1 42
github.com/umatare5/xflow-exporter/internal/enrich/mapping.go:405.3,406.1 1 3
github.com/umatare5/xflow-exporter/internal/enrich/mapping.go:407.2,408.34 2 39
github.com/umatare5/xflow-exporter/internal/enrich/mapping.go:409.3,410.1 1 1
github.com/umatare5/xflow-exporter/internal/enrich/mapping.go:411.2,411.24 1 38
github.com/umatare5/xflow-exporter/internal/enrich/mapping.go:423.2,424.16 2 43
github.com/umatare5/xflow-exporter/internal/enrich/mapping.go:425.3,426.1 1 1
github.com/umatare5/xflow-exporter/internal/enrich/mapping.go:428.2,428.9 1 42
github.com/umatare5/xflow-exporter/internal/enrich/mapping.go:430.3,431.100 1 1
github.com/umatare5/xflow-exporter/internal/enrich/mapping.go:433.3,433.110 1 1
github.com/umatare5/xflow-exporter/internal/enrich/mapping.go:435.3,435.100 1 2
github.com/umatare5/xflow-exporter/internal/enrich/mapping.go:437.2,437.20 1 38
github.com/umatare5/xflow-exporter/internal/enrich/mapping.go:447.2,449.1 2 5
github.com/umatare5/xflow-exporter/internal/enrich/mapping.go:455.2,455.70 1 5
github.com/umatare5/xflow-exporter/internal/enrich/mapping.go:456.3,457.1 1 2
github.com/umatare5/xflow-exporter/internal/enrich/mapping.go:458.2,458.34 1 3
github.com/umatare5/xflow-exporter/internal/enrich/mapping.go:464.2,465.10 2 20
github.com/umatare5/xflow-exporter/internal/enrich/mapping.go:466.3,467.1 1 1
github.com/umatare5/xflow-exporter/internal/enrich/mapping.go:468.2,468.40 1 19
github.com/umatare5/xflow-exporter/internal/enrich/mapping.go:469.3,470.1 1 2
github.com/umatare5/xflow-exporter/internal/enrich/mapping.go:471.2,472.16 2 17
github.com/umatare5/xflow-exporter/internal/enrich/mapping.go:473.3,474.1 1 1
github.com/umatare5/xflow-exporter/internal/enrich/mapping.go:476.2,476.15 1 16
github.com/umatare5/xflow-exporter/internal/enrich/mapping.go:478.3,478.53 1 5
github.com/umatare5/xflow-exporter/internal/enrich/mapping.go:480.3,480.53 1 10
github.com/umatare5/xflow-exporter/internal/enrich/mapping.go:482.3,482.85 1 1
github.com/umatare5/xflow-exporter/internal/enrich/mapping.go:492.2,492.36 1 60
github.com/umatare5/xflow-exporter/internal/enrich/mapping.go:493.3,494.1 1 6
github.com/umatare5/xflow-exporter/internal/enrich/mapping.go:495.2,495.34 1 54
github.com/umatare5/xflow-exporter/internal/enrich/mapping.go:496.3,497.1 1 1
github.com/umatare5/xflow-exporter/internal/enrich/mapping.go:498.2,498.26 1 53
github.com/umatare5/xflow-exporter/internal/enrich/mapping.go:499.3,499.26 1 477
github.com/umatare5/xflow-exporter/internal/enrich/mapping.go:500.4,501.1 1 1
github.com/umatare5/xflow-exporter/internal/enrich/mapping.go:503.2,503.12 1 52
github.com/umatare5/xflow-exporter/internal/enrich/mmdb.go:42.2,43.16 2 853
github.com/umatare5/xflow-exporter/internal/enrich/mmdb.go:44.3,45.1 1 3
github.com/umatare5/xflow-exporter/internal/enrich/mmdb.go:46.2,47.12 2 850
github.com/umatare5/xflow-exporter/internal/enrich/mmdb.go:52.2,53.1 1 120926
github.com/umatare5/xflow-exporter/internal/enrich/mmdb.go:62.2,63.15 2 6
github.com/umatare5/xflow-exporter/internal/enrich/mmdb.go:64.3,65.1 1 3
github.com/umatare5/xflow-exporter/internal/enrich/mmdb.go:66.2,66.19 1 3
github.com/umatare5/xflow-exporter/internal/enrich/mmdb.go:120.2,120.15 1 126104
github.com/umatare5/xflow-exporter/internal/enrich/mmdb.go:121.3,122.1 1 60464
github.com/umatare5/xflow-exporter/internal/enrich/mmdb.go:124.2,127.15 4 65640
github.com/umatare5/xflow-exporter/internal/enrich/mmdb.go:128.3,129.1 1 0
github.com/umatare5/xflow-exporter/internal/enrich/mmdb.go:131.2,133.20 3 65640
github.com/umatare5/xflow-exporter/internal/enrich/mmdb.go:134.3,135.1 1 3
github.com/umatare5/xflow-exporter/internal/enrich/mmdb.go:136.2,136.66 1 65640
github.com/umatare5/xflow-exporter/internal/enrich/mmdb.go:137.3,138.1 1 100
github.com/umatare5/xflow-exporter/internal/enrich/mmdb.go:139.2,139.19 1 65540
github.com/umatare5/xflow-exporter/internal/enrich/mmdb.go:145.2,147.1 4 4
github.com/umatare5/xflow-exporter/internal/enrich/mmdb.go:148.2,150.1 4 4
github.com/umatare5/xflow-exporter/internal/enrich/mmdb.go:154.2,157.1 4 4
github.com/umatare5/xflow-exporter/internal/enrich/mmdb.go:158.2,158.40 4 4
github.com/umatare5/xflow-exporter/internal/enrich/mmdb.go:159.3,160.1 1 1
github.com/umatare5/xflow-exporter/internal/enrich/mmdb.go:161.2,161.15 1 3
github.com/umatare5/xflow-exporter/internal/enrich/mmdb.go:166.2,167.1 1 6
github.com/umatare5/xflow-exporter/internal/enrich/mmdb.go:171.2,172.1 1 3
github.com/umatare5/xflow-exporter/internal/enrich/mmdb.go:176.2,177.1 1 3
github.com/umatare5/xflow-exporter/internal/enrich/mmdb.go:181.2,182.1 1 423
github.com/umatare5/xflow-exporter/internal/enrich/mmdb.go:186.2,187.1 1 4
github.com/umatare5/xflow-exporter/internal/enrich/mmdb.go:196.2,196.34 1 30236
github.com/umatare5/xflow-exporter/internal/enrich/mmdb.go:197.3,199.1 2 1
github.com/umatare5/xflow-exporter/internal/enrich/mmdb.go:201.2,202.41 2 30235
github.com/umatare5/xflow-exporter/internal/enrich/mmdb.go:203.3,203.40 1 30233
github.com/umatare5/xflow-exporter/internal/enrich/mmdb.go:204.4,206.1 2 30231
github.com/umatare5/xflow-exporter/internal/enrich/mmdb.go:208.2,208.41 1 30235
github.com/umatare5/xflow-exporter/internal/enrich/mmdb.go:209.3,209.40 1 30234
github.com/umatare5/xflow-exporter/internal/enrich/mmdb.go:210.4,212.1 2 30232
github.com/umatare5/xflow-exporter/internal/enrich/mmdb.go:215.2,215.12 1 30235
github.com/umatare5/xflow-exporter/internal/enrich/mmdb.go:216.3,218.1 2 30232
github.com/umatare5/xflow-exporter/internal/enrich/mmdb.go:219.2,219.18 1 3
github.com/umatare5/xflow-exporter/internal/enrich/mmdb.go:226.2,227.15 2 60464
github.com/umatare5/xflow-exporter/internal/enrich/mmdb.go:228.3,229.1 1 2
github.com/umatare5/xflow-exporter/internal/enrich/mmdb.go:231.2,232.56 2 60462
github.com/umatare5/xflow-exporter/internal/enrich/mmdb.go:233.3,234.1 1 0
github.com/umatare5/xflow-exporter/internal/enrich/mmdb.go:235.2,235.24 1 60462
github.com/umatare5/xflow-exporter/internal/enrich/mmdb.go:236.3,237.1 1 0
github.com/umatare5/xflow-exporter/internal/enrich/mmdb.go:238.2,239.28 2 60462
github.com/umatare5/xflow-exporter/internal/enrich/mmdb.go:252.2,255.1 4 3
github.com/umatare5/xflow-exporter/internal/enrich/mmdb.go:256.2,256.40 4 3
github.com/umatare5/xflow-exporter/internal/enrich/mmdb.go:257.3,258.1 1 1
github.com/umatare5/xflow-exporter/internal/enrich/mmdb.go:259.2,259.15 1 2
github.com/umatare5/xflow-exporter/internal/enrich/mmdb.go:264.2,265.1 1 5
github.com/umatare5/xflow-exporter/internal/enrich/mmdb.go:269.2,270.1 1 3
github.com/umatare5/xflow-exporter/internal/enrich/mmdb.go:274.2,275.1 1 3
github.com/umatare5/xflow-exporter/internal/enrich/mmdb.go:279.2,280.1 1 423
github.com/umatare5/xflow-exporter/internal/enrich/mmdb.go:284.2,285.1 1 2
github.com/umatare5/xflow-exporter/internal/enrich/mmdb.go:300.2,301.25 2 30234
github.com/umatare5/xflow-exporter/internal/enrich/mmdb.go:302.3,302.53 1 30233
github.com/umatare5/xflow-exporter/internal/enrich/mmdb.go:303.4,305.1 2 30232
github.com/umatare5/xflow-exporter/internal/enrich/mmdb.go:307.2,307.25 1 30234
github.com/umatare5/xflow-exporter/internal/enrich/mmdb.go:308.3,308.53 1 30233
github.com/umatare5/xflow-exporter/internal/enrich/mmdb.go:309.4,311.1 2 30232
github.com/umatare5/xflow-exporter/internal/enrich/mmdb.go:314.2,314.12 1 30234
github.com/umatare5/xflow-exporter/internal/enrich/mmdb.go:315.3,317.1 2 30232
github.com/umatare5/xflow-exporter/internal/enrich/mmdb.go:318.2,318.18 1 2
github.com/umatare5/xflow-exporter/internal/enrich/mmdb.go:329.2,329.22 1 60466
github.com/umatare5/xflow-exporter/internal/enrich/mmdb.go:330.3,331.1 1 1
github.com/umatare5/xflow-exporter/internal/enrich/mmdb.go:332.2,332.21 1 60465
github.com/umatare5/xflow-exporter/internal/enrich/mmdb.go:339.2,340.15 2 60461
github.com/umatare5/xflow-exporter/internal/enrich/mmdb.go:341.3,342.1 1 0
github.com/umatare5/xflow-exporter/internal/enrich/mmdb.go:344.2,345.56 2 60461
github.com/umatare5/xflow-exporter/internal/enrich/mmdb.go:346.3,347.1 1 0
github.com/umatare5/xflow-exporter/internal/enrich/mmdb.go:348.2,348.34 1 60461
github.com/umatare5/xflow-exporter/internal/enrich/mmdb.go:349.3,350.1 1 0
github.com/umatare5/xflow-exporter/internal/enrich/mmdb.go:351.2,351.37 1 60461
github.com/umatare5/xflow-exporter/internal/enrich/services.go:34.2,36.1 2 38
github.com/umatare5/xflow-exporter/internal/enrich/services.go:42.2,43.1 1 3
github.com/umatare5/xflow-exporter/internal/enrich/services.go:47.2,48.1 1 7
github.com/umatare5/xflow-exporter/internal/enrich/services.go:60.2,61.1 2 1
github.com/umatare5/xflow-exporter/internal/enrich/services.go:65.2,104.1 2 1
github.com/umatare5/xflow-exporter/internal/enrich/services.go:105.3,106.1 1 38
github.com/umatare5/xflow-exporter/internal/enrich/services.go:110.2,114.1 1 1
github.com/umatare5/xflow-exporter/internal/enrich/services.go:115.3,116.1 1 3
github.com/umatare5/xflow-exporter/internal/enrich/services.go:120.2,128.1 1 1
github.com/umatare5/xflow-exporter/internal/enrich/services.go:129.3,130.1 1 7
github.com/umatare5/xflow-exporter/internal/enrich/services.go:132.2,132.14 1 1
github.com/umatare5/xflow-exporter/internal/enrich/services.go:151.2,152.32 2 1
github.com/umatare5/xflow-exporter/internal/enrich/services.go:153.3,153.50 1 86
github.com/umatare5/xflow-exporter/internal/enrich/services.go:154.4,155.1 1 86
github.com/umatare5/xflow-exporter/internal/enrich/services.go:157.2,157.13 1 1
github.com/umatare5/xflow-exporter/internal/enrich/services.go:163.2,163.18 1 131185
github.com/umatare5/xflow-exporter/internal/enrich/services.go:165.3,165.17 1 65587
github.com/umatare5/xflow-exporter/internal/enrich/services.go:167.3,167.17 1 65594
github.com/umatare5/xflow-exporter/internal/enrich/services.go:169.3,169.18 1 4
github.com/umatare5/xflow-exporter/internal/enrich/services.go:177.2,179.1 2 131079
github.com/umatare5/xflow-exporter/internal/enrich/services.go:183.2,184.1 1 58
github.com/umatare5/xflow-exporter/internal/enrich/services.go:188.2,189.1 1 5
github.com/umatare5/xflow-exporter/internal/enrich/services.go:193.2,194.1 1 5
github.com/umatare5/xflow-exporter/internal/enrich/services.go:205.2,205.37 1 60
github.com/umatare5/xflow-exporter/internal/enrich/services.go:206.3,208.1 2 2
github.com/umatare5/xflow-exporter/internal/enrich/services.go:210.2,210.70 1 58
github.com/umatare5/xflow-exporter/internal/enrich/services.go:211.3,214.1 3 12
github.com/umatare5/xflow-exporter/internal/enrich/services.go:215.2,215.70 1 46
github.com/umatare5/xflow-exporter/internal/enrich/services.go:216.3,219.1 3 1
github.com/umatare5/xflow-exporter/internal/enrich/services.go:221.2,221.18 1 45
github.com/umatare5/xflow-exporter/internal/enrich/threat.go:59.2,60.35 2 13
github.com/umatare5/xflow-exporter/internal/enrich/threat.go:61.3,62.1 1 3
github.com/umatare5/xflow-exporter/internal/enrich/threat.go:63.2,63.15 1 10
github.com/umatare5/xflow-exporter/internal/enrich/threat.go:68.2,69.1 1 3
github.com/umatare5/xflow-exporter/internal/enrich/threat.go:73.2,74.1 1 3
github.com/umatare5/xflow-exporter/internal/enrich/threat.go:83.2,84.1 3 65
github.com/umatare5/xflow-exporter/internal/enrich/threat.go:85.2,86.31 3 65
github.com/umatare5/xflow-exporter/internal/enrich/threat.go:87.3,88.17 2 66
github.com/umatare5/xflow-exporter/internal/enrich/threat.go:89.4,91.1 2 4
github.com/umatare5/xflow-exporter/internal/enrich/threat.go:92.3,92.15 1 62
github.com/umatare5/xflow-exporter/internal/enrich/threat.go:98.2,98.17 1 61
github.com/umatare5/xflow-exporter/internal/enrich/threat.go:99.3,101.1 1 2
github.com/umatare5/xflow-exporter/internal/enrich/threat.go:103.2,110.12 3 61
github.com/umatare5/xflow-exporter/internal/enrich/threat.go:115.2,119.1 3 6
github.com/umatare5/xflow-exporter/internal/enrich/threat.go:120.2,120.16 3 6
github.com/umatare5/xflow-exporter/internal/enrich/threat.go:121.3,124.1 3 6
github.com/umatare5/xflow-exporter/internal/enrich/threat.go:125.2,125.14 1 6
github.com/umatare5/xflow-exporter/internal/enrich/threat.go:143.2,144.16 2 13
github.com/umatare5/xflow-exporter/internal/enrich/threat.go:145.3,147.1 2 0
github.com/umatare5/xflow-exporter/internal/enrich/threat.go:149.2,150.51 2 13
github.com/umatare5/xflow-exporter/internal/enrich/threat.go:151.3,153.1 2 10
github.com/umatare5/xflow-exporter/internal/enrich/threat.go:154.2,154.51 1 13
github.com/umatare5/xflow-exporter/internal/enrich/threat.go:155.3,157.1 2 2
github.com/umatare5/xflow-exporter/internal/enrich/threat.go:159.2,159.13 1 13
github.com/umatare5/xflow-exporter/internal/enrich/threat.go:160.3,162.1 2 11
github.com/umatare5/xflow-exporter/internal/enrich/threat.go:163.2,163.18 1 2
github.com/umatare5/xflow-exporter/internal/enrich/threat.go:177.2,178.16 2 66
github.com/umatare5/xflow-exporter/internal/enrich/threat.go:179.3,180.1 1 2
github.com/umatare5/xflow-exporter/internal/enrich/threat.go:181.2,182.1 5 64
github.com/umatare5/xflow-exporter/internal/enrich/threat.go:183.2,185.1 5 64
github.com/umatare5/xflow-exporter/internal/enrich/threat.go:186.2,187.21 5 64
github.com/umatare5/xflow-exporter/internal/enrich/threat.go:188.3,189.10 2 80
github.com/umatare5/xflow-exporter/internal/enrich/threat.go:192.4,192.36 1 9
github.com/umatare5/xflow-exporter/internal/enrich/threat.go:193.5,194.1 1 5
github.com/umatare5/xflow-exporter/internal/enrich/threat.go:195.4,195.12 1 9
github.com/umatare5/xflow-exporter/internal/enrich/threat.go:197.3,197.26 1 71
github.com/umatare5/xflow-exporter/internal/enrich/threat.go:200.2,200.38 1 64
github.com/umatare5/xflow-exporter/internal/enrich/threat.go:201.3,202.1 1 2
github.com/umatare5/xflow-exporter/internal/enrich/threat.go:203.2,203.21 1 62
github.com/umatare5/xflow-exporter/internal/enrich/threat.go:209.2,211.1 2 9
github.com/umatare5/xflow-exporter/internal/enrich/threat.go:216.2,216.37 1 64
github.com/umatare5/xflow-exporter/internal/enrich/threat.go:217.3,218.1 1 0
github.com/umatare5/xflow-exporter/internal/enrich/threat.go:224.2,225.80 2 80
github.com/umatare5/xflow-exporter/internal/enrich/threat.go:226.3,227.1 1 4
github.com/umatare5/xflow-exporter/internal/enrich/threat.go:231.2,231.54 1 76
github.com/umatare5/xflow-exporter/internal/enrich/threat.go:232.3,233.1 1 3
github.com/umatare5/xflow-exporter/internal/enrich/threat.go:235.2,236.16 2 76
github.com/umatare5/xflow-exporter/internal/enrich/threat.go:237.3,238.1 1 5
github.com/umatare5/xflow-exporter/internal/enrich/threat.go:246.2,246.40 1 71
github.com/umatare5/xflow-exporter/internal/enrich/vlan.go:31.2,32.1 1 8
github.com/umatare5/xflow-exporter/internal/enrich/vlan.go:36.2,37.1 1 3
github.com/umatare5/xflow-exporter/internal/enrich/vlan.go:41.2,42.1 1 3
github.com/umatare5/xflow-exporter/internal/enrich/vlan.go:52.2,53.16 2 13
github.com/umatare5/xflow-exporter/internal/enrich/vlan.go:54.3,56.1 2 0
github.com/umatare5/xflow-exporter/internal/enrich/vlan.go:58.2,59.11 2 13
github.com/umatare5/xflow-exporter/internal/enrich/vlan.go:60.3,62.1 2 1
github.com/umatare5/xflow-exporter/internal/enrich/vlan.go:64.2,65.25 2 12
github.com/umatare5/xflow-exporter/internal/enrich/vlan.go:66.3,66.44 1 12
github.com/umatare5/xflow-exporter/internal/enrich/vlan.go:67.4,69.1 2 9
github.com/umatare5/xflow-exporter/internal/enrich/vlan.go:71.2,71.25 1 12
github.com/umatare5/xflow-exporter/internal/enrich/vlan.go:72.3,72.44 1 12
github.com/umatare5/xflow-exporter/internal/enrich/vlan.go:73.4,75.1 2 1
github.com/umatare5/xflow-exporter/internal/enrich/vlan.go:78.2,78.12 1 12
github.com/umatare5/xflow-exporter/internal/enrich/vlan.go:79.3,81.1 2 10
github.com/umatare5/xflow-exporter/internal/enrich/vlan.go:82.2,82.18 1 2
github.com/umatare5/xflow-exporter/internal/enrich/vlan.go:111.2,112.16 2 24
github.com/umatare5/xflow-exporter/internal/enrich/vlan.go:113.3,114.1 1 22
github.com/umatare5/xflow-exporter/internal/enrich/vlan.go:116.2,116.31 1 24
github.com/umatare5/xflow-exporter/internal/enrich/vlan.go:118.3,119.40 2 46
github.com/umatare5/xflow-exporter/internal/enrich/vlan.go:120.4,121.1 1 10
github.com/umatare5/xflow-exporter/internal/enrich/vlan.go:123.2,123.17 1 14
github.com/umatare5/xflow-exporter/internal/enrich/vlan.go:131.2,131.43 1 38
github.com/umatare5/xflow-exporter/internal/enrich/vlan.go:132.3,133.1 1 2
github.com/umatare5/xflow-exporter/internal/enrich/vlan.go:134.2,135.1 3 36
github.com/umatare5/xflow-exporter/internal/enrich/vlan.go:136.2,137.25 3 36
github.com/umatare5/xflow-exporter/internal/enrich/vlan.go:138.3,139.1 1 30
github.com/umatare5/xflow-exporter/internal/enrich/vlan.go:140.2,140.47 1 36
github.com/umatare5/xflow-exporter/internal/enrich/vlan.go:141.3,142.1 3 36
github.com/umatare5/xflow-exporter/internal/enrich/vlan.go:143.3,145.1 3 36
github.com/umatare5/xflow-exporter/internal/enrich/vlan.go:146.2,146.13 1 36
github.com/umatare5/xflow-exporter/internal/log/logger.go:14.2,15.1 3 33
github.com/umatare5/xflow-exporter/internal/log/logger.go:16.2,18.1 3 33
github.com/umatare5/xflow-exporter/internal/log/logger.go:20.2,20.37 3 33
github.com/umatare5/xflow-exporter/internal/log/logger.go:22.3,22.49 1 24
github.com/umatare5/xflow-exporter/internal/log/logger.go:24.3,24.49 1 6
github.com/umatare5/xflow-exporter/internal/log/logger.go:26.3,26.49 1 3
github.com/umatare5/xflow-exporter/internal/log/logger.go:29.2,29.26 1 33
github.com/umatare5/xflow-exporter/internal/log/logger.go:33.2,33.32 1 33
github.com/umatare5/xflow-exporter/internal/log/logger.go:35.3,35.25 1 6
github.com/umatare5/xflow-exporter/internal/log/logger.go:37.3,37.24 1 14
github.com/umatare5/xflow-exporter/internal/log/logger.go:39.3,39.24 1 6
github.com/umatare5/xflow-exporter/internal/log/logger.go:41.3,41.25 1 4
github.com/umatare5/xflow-exporter/internal/log/logger.go:43.3,43.24 1 3
github.com/umatare5/xflow-exporter/internal/pool/pool.go:19.2,20.1 1 4
github.com/umatare5/xflow-exporter/internal/pool/pool.go:24.2,25.9 2 9131
github.com/umatare5/xflow-exporter/internal/pool/pool.go:26.3,27.1 1 2292
github.com/umatare5/xflow-exporter/internal/pool/pool.go:29.2,33.14 5 6839
github.com/umatare5/xflow-exporter/internal/pool/pool.go:38.2,39.9 2 9066
github.com/umatare5/xflow-exporter/internal/pool/pool.go:40.3,41.1 1 3955
github.com/umatare5/xflow-exporter/internal/pool/pool.go:43.2,44.20 2 9066
github.com/umatare5/xflow-exporter/internal/receiver/batch_other.go:19.2,20.1 1 4
github.com/umatare5/xflow-exporter/internal/receiver/batch_other.go:27.2,28.1 3 26
github.com/umatare5/xflow-exporter/internal/receiver/batch_other.go:29.2,30.16 3 26
github.com/umatare5/xflow-exporter/internal/receiver/batch_other.go:31.3,33.1 2 4
github.com/umatare5/xflow-exporter/internal/receiver/batch_other.go:35.2,40.1 2 22
github.com/umatare5/xflow-exporter/internal/receiver/batch_other.go:41.2,41.15 2 22
github.com/umatare5/xflow-exporter/internal/receiver/receiver.go:48.2,52.33 2 7
github.com/umatare5/xflow-exporter/internal/receiver/receiver.go:52.35,52.62 1 11
github.com/umatare5/xflow-exporter/internal/receiver/receiver.go:59.2,60.1 1 5
github.com/umatare5/xflow-exporter/internal/receiver/receiver.go:65.2,66.1 1 5
github.com/umatare5/xflow-exporter/internal/receiver/receiver.go:71.2,72.1 1 3
github.com/umatare5/xflow-exporter/internal/receiver/receiver.go:77.2,77.42 1 6
github.com/umatare5/xflow-exporter/internal/receiver/receiver.go:78.3,79.17 2 6
github.com/umatare5/xflow-exporter/internal/receiver/receiver.go:80.4,82.1 2 2
github.com/umatare5/xflow-exporter/internal/receiver/receiver.go:83.3,84.60 2 4
github.com/umatare5/xflow-exporter/internal/receiver/receiver.go:86.2,86.12 1 4
github.com/umatare5/xflow-exporter/internal/receiver/receiver.go:91.2,92.16 2 6
github.com/umatare5/xflow-exporter/internal/receiver/receiver.go:93.3,94.1 1 1
github.com/umatare5/xflow-exporter/internal/receiver/receiver.go:96.2,97.16 2 5
github.com/umatare5/xflow-exporter/internal/receiver/receiver.go:98.3,99.1 1 1
github.com/umatare5/xflow-exporter/internal/receiver/receiver.go:101.2,101.22 1 4
github.com/umatare5/xflow-exporter/internal/receiver/receiver.go:105.3,105.58 1 4
github.com/umatare5/xflow-exporter/internal/receiver/receiver.go:106.4,108.1 2 0
github.com/umatare5/xflow-exporter/internal/receiver/receiver.go:111.2,111.18 1 4
github.com/umatare5/xflow-exporter/internal/receiver/receiver.go:117.2,118.31 2 4
github.com/umatare5/xflow-exporter/internal/receiver/receiver.go:119.3,120.10 2 4
github.com/umatare5/xflow-exporter/internal/receiver/receiver.go:121.4,121.12 1 0
github.com/umatare5/xflow-exporter/internal/receiver/receiver.go:123.3,123.44 1 4
github.com/umatare5/xflow-exporter/internal/receiver/receiver.go:125.2,125.14 1 4
github.com/umatare5/xflow-exporter/internal/receiver/receiver.go:131.2,132.31 2 4
github.com/umatare5/xflow-exporter/internal/receiver/receiver.go:133.3,134.13 2 4
github.com/umatare5/xflow-exporter/internal/receiver/receiver.go:135.4,137.1 2 4
github.com/umatare5/xflow-exporter/internal/receiver/receiver.go:140.2,143.16 4 4
github.com/umatare5/xflow-exporter/internal/receiver/receiver.go:148.2,148.31 1 6
github.com/umatare5/xflow-exporter/internal/receiver/receiver.go:149.3,150.1 1 4
github.com/umatare5/xflow-exporter/internal/receiver/receiver.go:156.2,156.37 1 4
github.com/umatare5/xflow-exporter/internal/receiver/receiver.go:157.3,158.1 1 0
github.com/umatare5/xflow-exporter/internal/receiver/receiver.go:164.2,167.1 4 4
github.com/umatare5/xflow-exporter/internal/receiver/receiver.go:168.2,168.6 4 4
github.com/umatare5/xflow-exporter/internal/receiver/receiver.go:169.3,170.17 2 26
github.com/umatare5/xflow-exporter/internal/receiver/receiver.go:171.4,171.37 1 4
github.com/umatare5/xflow-exporter/internal/receiver/receiver.go:172.5,173.1 1 4
github.com/umatare5/xflow-exporter/internal/receiver/receiver.go:174.4,175.12 2 0
github.com/umatare5/xflow-exporter/internal/receiver/receiver.go:178.3,178.24 1 22
github.com/umatare5/xflow-exporter/internal/receiver/receiver.go:179.4,180.1 1 22
github.com/umatare5/xflow-exporter/internal/receiver/receiver.go:187.2,189.1 3 22
github.com/umatare5/xflow-exporter/internal/receiver/receiver.go:192.2,192.17 3 22
github.com/umatare5/xflow-exporter/internal/receiver/receiver.go:193.3,196.1 3 1
github.com/umatare5/xflow-exporter/internal/receiver/receiver.go:198.2,204.1 2 21
github.com/umatare5/xflow-exporter/internal/receiver/receiver.go:206.2,206.9 2 21
github.com/umatare5/xflow-exporter/internal/receiver/receiver.go:207.22,207.22 0 4
github.com/umatare5/xflow-exporter/internal/receiver/receiver.go:209.3,210.20 2 17
github.com/umatare5/xflow-exporter/internal/receiver/receiver.go:216.2,217.1 1 1
github.com/umatare5/xflow-exporter/internal/receiver/receiver.go:221.2,222.1 1 1
github.com/umatare5/xflow-exporter/internal/receiver/stats.go:31.2,33.40 3 7
github.com/umatare5/xflow-exporter/internal/receiver/stats.go:34.3,36.1 2 8
github.com/umatare5/xflow-exporter/internal/receiver/stats.go:37.2,37.51 1 7
github.com/umatare5/xflow-exporter/internal/receiver/stats.go:42.2,43.1 1 4
github.com/umatare5/xflow-exporter/internal/receiver/stats.go:57.2,58.34 2 5
github.com/umatare5/xflow-exporter/internal/receiver/stats.go:59.3,68.1 2 6
github.com/umatare5/xflow-exporter/internal/receiver/stats.go:69.2,69.18 1 5
github.com/umatare5/xflow-exporter/internal/server/entries.go:28.2,28.18 1 3
github.com/umatare5/xflow-exporter/internal/server/entries.go:29.3,30.1 1 2
github.com/umatare5/xflow-exporter/internal/server/entries.go:31.2,31.14 1 1
github.com/umatare5/xflow-exporter/internal/server/entries.go:45.2,46.1 2 5
github.com/umatare5/xflow-exporter/internal/server/entries.go:47.2,47.54 2 5
github.com/umatare5/xflow-exporter/internal/server/entries.go:48.3,48.33 1 11
github.com/umatare5/xflow-exporter/internal/server/entries.go:49.4,52.1 3 1
github.com/umatare5/xflow-exporter/internal/server/entries.go:54.3,55.10 2 10
github.com/umatare5/xflow-exporter/internal/server/entries.go:56.4,59.1 2 5
github.com/umatare5/xflow-exporter/internal/server/entries.go:61.3,61.10 1 5
github.com/umatare5/xflow-exporter/internal/server/entries.go:63.4,63.17 1 4
github.com/umatare5/xflow-exporter/internal/server/entries.go:63.19,63.31 1 4
github.com/umatare5/xflow-exporter/internal/server/entries.go:65.4,66.10 2 1
github.com/umatare5/xflow-exporter/internal/server/entries.go:73.3,74.1 3 4
github.com/umatare5/xflow-exporter/internal/server/entries.go:75.3,76.33 3 4
github.com/umatare5/xflow-exporter/internal/server/entries.go:88.2,89.16 2 10
github.com/umatare5/xflow-exporter/internal/server/entries.go:90.3,91.1 1 2
github.com/umatare5/xflow-exporter/internal/server/entries.go:93.2,94.9 2 8
github.com/umatare5/xflow-exporter/internal/server/entries.go:96.3,96.21 1 4
github.com/umatare5/xflow-exporter/internal/server/entries.go:98.3,98.21 1 1
github.com/umatare5/xflow-exporter/internal/server/entries.go:100.2,100.19 1 3
github.com/umatare5/xflow-exporter/internal/server/entries.go:106.2,107.1 3 4
github.com/umatare5/xflow-exporter/internal/server/entries.go:108.2,109.15 3 4
github.com/umatare5/xflow-exporter/internal/server/entries.go:109.17,109.34 1 4
github.com/umatare5/xflow-exporter/internal/server/entries.go:111.2,114.1 4 4
github.com/umatare5/xflow-exporter/internal/server/entries.go:115.2,117.29 4 4
github.com/umatare5/xflow-exporter/internal/server/entries.go:118.3,119.10 2 10
github.com/umatare5/xflow-exporter/internal/server/entries.go:120.4,120.12 1 3
github.com/umatare5/xflow-exporter/internal/server/entries.go:122.3,122.18 1 7
github.com/umatare5/xflow-exporter/internal/server/entries.go:123.4,124.1 1 3
github.com/umatare5/xflow-exporter/internal/server/entries.go:125.3,126.1 3 7
github.com/umatare5/xflow-exporter/internal/server/entries.go:127.3,128.43 3 7
github.com/umatare5/xflow-exporter/internal/server/entries.go:131.4,133.1 2 0
github.com/umatare5/xflow-exporter/internal/server/entries.go:136.2,136.30 1 4
github.com/umatare5/xflow-exporter/internal/server/lifecycle.go:47.2,48.1 3 8
github.com/umatare5/xflow-exporter/internal/server/lifecycle.go:49.2,50.29 3 8
github.com/umatare5/xflow-exporter/internal/server/lifecycle.go:51.3,52.1 1 1
github.com/umatare5/xflow-exporter/internal/server/lifecycle.go:54.2,55.38 2 8
github.com/umatare5/xflow-exporter/internal/server/lifecycle.go:56.3,57.1 1 0
github.com/umatare5/xflow-exporter/internal/server/lifecycle.go:59.2,63.1 1 8
github.com/umatare5/xflow-exporter/internal/server/lifecycle.go:69.2,74.1 3 1
github.com/umatare5/xflow-exporter/internal/server/lifecycle.go:77.2,78.38 3 1
github.com/umatare5/xflow-exporter/internal/server/lifecycle.go:79.3,80.1 1 0
github.com/umatare5/xflow-exporter/internal/server/lifecycle.go:82.2,83.1 9 1
github.com/umatare5/xflow-exporter/internal/server/lifecycle.go:84.2,96.1 9 1
github.com/umatare5/xflow-exporter/internal/server/lifecycle.go:98.2,102.1 9 1
github.com/umatare5/xflow-exporter/internal/server/lifecycle.go:103.2,104.1 9 1
github.com/umatare5/xflow-exporter/internal/server/lifecycle.go:105.2,106.34 9 1
github.com/umatare5/xflow-exporter/internal/server/lifecycle.go:107.3,108.1 1 0
github.com/umatare5/xflow-exporter/internal/server/lifecycle.go:115.2,116.16 2 1
github.com/umatare5/xflow-exporter/internal/server/lifecycle.go:117.3,118.1 1 0
github.com/umatare5/xflow-exporter/internal/server/lifecycle.go:119.2,119.21 1 1
github.com/umatare5/xflow-exporter/internal/server/lifecycle.go:120.3,122.1 2 0
github.com/umatare5/xflow-exporter/internal/server/lifecycle.go:127.2,128.16 2 1
github.com/umatare5/xflow-exporter/internal/server/lifecycle.go:129.3,130.1 1 0
github.com/umatare5/xflow-exporter/internal/server/lifecycle.go:133.2,134.20 2 1
github.com/umatare5/xflow-exporter/internal/server/lifecycle.go:135.3,136.1 1 0
github.com/umatare5/xflow-exporter/internal/server/lifecycle.go:137.2,138.19 2 1
github.com/umatare5/xflow-exporter/internal/server/lifecycle.go:139.3,141.1 2 0
github.com/umatare5/xflow-exporter/internal/server/lifecycle.go:145.2,147.1 4 1
github.com/umatare5/xflow-exporter/internal/server/lifecycle.go:148.2,149.12 4 1
github.com/umatare5/xflow-exporter/internal/server/lifecycle.go:150.3,152.1 2 1
github.com/umatare5/xflow-exporter/internal/server/lifecycle.go:155.2,156.12 2 1
github.com/umatare5/xflow-exporter/internal/server/lifecycle.go:157.3,158.17 2 1
github.com/umatare5/xflow-exporter/internal/server/lifecycle.go:159.4,160.1 1 0
github.com/umatare5/xflow-exporter/internal/server/lifecycle.go:165.2,166.12 2 1
github.com/umatare5/xflow-exporter/internal/server/lifecycle.go:167.3,169.1 2 1
github.com/umatare5/xflow-exporter/internal/server/lifecycle.go:174.2,175.18 2 1
github.com/umatare5/xflow-exporter/internal/server/lifecycle.go:176.3,177.1 1 1
github.com/umatare5/xflow-exporter/internal/server/lifecycle.go:178.2,179.73 2 1
github.com/umatare5/xflow-exporter/internal/server/lifecycle.go:180.3,181.13 2 8
github.com/umatare5/xflow-exporter/internal/server/lifecycle.go:182.4,184.1 2 8
github.com/umatare5/xflow-exporter/internal/server/lifecycle.go:187.2,188.31 2 1
github.com/umatare5/xflow-exporter/internal/server/lifecycle.go:189.3,190.18 2 0
github.com/umatare5/xflow-exporter/internal/server/lifecycle.go:191.4,193.1 2 0
github.com/umatare5/xflow-exporter/internal/server/lifecycle.go:194.3,195.1 2 0
github.com/umatare5/xflow-exporter/internal/server/lifecycle.go:196.3,196.13 2 0
github.com/umatare5/xflow-exporter/internal/server/lifecycle.go:197.4,199.1 2 0
github.com/umatare5/xflow-exporter/internal/server/lifecycle.go:201.3,202.1 1 1
github.com/umatare5/xflow-exporter/internal/server/lifecycle.go:204.2,206.1 9 1
github.com/umatare5/xflow-exporter/internal/server/lifecycle.go:207.2,213.12 9 1
github.com/umatare5/xflow-exporter/internal/server/lifecycle.go:221.2,222.16 2 4
github.com/umatare5/xflow-exporter/internal/server/lifecycle.go:223.3,224.1 1 2
github.com/umatare5/xflow-exporter/internal/server/lifecycle.go:225.2,226.1 2 2
github.com/umatare5/xflow-exporter/internal/server/lifecycle.go:227.2,227.12 2 2
github.com/umatare5/xflow-exporter/internal/server/lifecycle.go:236.2,236.20 1 1
github.com/umatare5/xflow-exporter/internal/server/lifecycle.go:237.3,238.1 1 0
github.com/umatare5/xflow-exporter/internal/server/lifecycle.go:239.2,239.77 1 1
github.com/umatare5/xflow-exporter/internal/server/lifecycle.go:248.2,252.1 5 12
github.com/umatare5/xflow-exporter/internal/server/lifecycle.go:255.2,255.27 5 12
github.com/umatare5/xflow-exporter/internal/server/lifecycle.go:256.3,257.17 2 6
github.com/umatare5/xflow-exporter/internal/server/lifecycle.go:258.4,259.1 1 2
github.com/umatare5/xflow-exporter/internal/server/lifecycle.go:260.3,261.1 2 4
github.com/umatare5/xflow-exporter/internal/server/lifecycle.go:265.3,265.66 2 4
github.com/umatare5/xflow-exporter/internal/server/lifecycle.go:267.2,267.18 1 10
github.com/umatare5/xflow-exporter/internal/server/lifecycle.go:268.3,269.1 1 3
github.com/umatare5/xflow-exporter/internal/server/lifecycle.go:270.2,270.27 1 10
github.com/umatare5/xflow-exporter/internal/server/lifecycle.go:271.3,272.17 2 0
github.com/umatare5/xflow-exporter/internal/server/lifecycle.go:273.4,274.1 1 0
github.com/umatare5/xflow-exporter/internal/server/lifecycle.go:275.3,276.37 2 0
github.com/umatare5/xflow-exporter/internal/server/lifecycle.go:278.2,278.31 1 10
github.com/umatare5/xflow-exporter/internal/server/lifecycle.go:279.3,280.17 2 0
github.com/umatare5/xflow-exporter/internal/server/lifecycle.go:281.4,282.1 1 0
github.com/umatare5/xflow-exporter/internal/server/lifecycle.go:283.3,283.41 1 0
github.com/umatare5/xflow-exporter/internal/server/lifecycle.go:285.2,285.30 1 10
github.com/umatare5/xflow-exporter/internal/server/lifecycle.go:286.3,287.17 2 0
github.com/umatare5/xflow-exporter/internal/server/lifecycle.go:288.4,289.1 1 0
github.com/umatare5/xflow-exporter/internal/server/lifecycle.go:290.3,291.40 2 0
github.com/umatare5/xflow-exporter/internal/server/lifecycle.go:294.2,294.65 1 10
github.com/umatare5/xflow-exporter/internal/server/lifecycle.go:303.2,304.1 3 3
github.com/umatare5/xflow-exporter/internal/server/lifecycle.go:305.2,306.28 3 3
github.com/umatare5/xflow-exporter/internal/server/lifecycle.go:307.3,308.1 1 3
github.com/umatare5/xflow-exporter/internal/server/lifecycle.go:310.2,312.1 3 3
github.com/umatare5/xflow-exporter/internal/server/lifecycle.go:313.2,313.6 3 3
github.com/umatare5/xflow-exporter/internal/server/lifecycle.go:314.3,314.10 1 7
github.com/umatare5/xflow-exporter/internal/server/lifecycle.go:316.4,316.10 1 3
github.com/umatare5/xflow-exporter/internal/server/lifecycle.go:318.4,318.50 1 4
github.com/umatare5/xflow-exporter/internal/server/lifecycle.go:319.5,320.1 1 0
github.com/umatare5/xflow-exporter/internal/server/lifecycle.go:321.4,321.57 1 4
github.com/umatare5/xflow-exporter/internal/server/lifecycle.go:322.5,322.34 1 2
github.com/umatare5/xflow-exporter/internal/server/lifecycle.go:323.6,323.21 1 131072
github.com/umatare5/xflow-exporter/internal/server/lifecycle.go:324.7,325.1 1 65536
github.com/umatare5/xflow-exporter/internal/server/lifecycle.go:327.5,327.64 1 2
github.com/umatare5/xflow-exporter/internal/server/lifecycle.go:336.2,336.24 1 4
github.com/umatare5/xflow-exporter/internal/server/lifecycle.go:337.3,337.17 1 2
github.com/umatare5/xflow-exporter/internal/server/lifecycle.go:337.18,337.18 0 2
github.com/umatare5/xflow-exporter/internal/server/lifecycle.go:340.2,342.1 5 2
github.com/umatare5/xflow-exporter/internal/server/lifecycle.go:347.2,349.12 5 2
github.com/umatare5/xflow-exporter/internal/server/lifecycle.go:350.3,351.7 2 2
github.com/umatare5/xflow-exporter/internal/server/lifecycle.go:352.4,352.11 1 2
github.com/umatare5/xflow-exporter/internal/server/lifecycle.go:354.5,354.11 1 1
github.com/umatare5/xflow-exporter/internal/server/lifecycle.go:356.5,356.11 1 1
github.com/umatare5/xflow-exporter/internal/server/lifecycle.go:358.5,358.48 1 0
github.com/umatare5/xflow-exporter/internal/server/lifecycle.go:359.6,360.14 2 0
github.com/umatare5/xflow-exporter/internal/server/lifecycle.go:362.5,362.59 1 0
github.com/umatare5/xflow-exporter/internal/server/lifecycle.go:367.2,367.16 1 2
github.com/umatare5/xflow-exporter/internal/server/lifecycle.go:368.3,371.1 3 2
github.com/umatare5/xflow-exporter/internal/server/lifecycle.go:384.2,385.24 2 3
github.com/umatare5/xflow-exporter/internal/server/lifecycle.go:386.3,387.1 1 16
github.com/umatare5/xflow-exporter/internal/server/lifecycle.go:389.2,390.12 2 3
github.com/umatare5/xflow-exporter/internal/server/lifecycle.go:391.3,392.23 2 3
github.com/umatare5/xflow-exporter/internal/server/lifecycle.go:393.4,394.1 1 9000
github.com/umatare5/xflow-exporter/internal/server/lifecycle.go:395.3,395.32 1 3
github.com/umatare5/xflow-exporter/internal/server/lifecycle.go:396.4,397.1 1 16
github.com/umatare5/xflow-exporter/internal/server/lifecycle.go:399.2,399.15 1 3
github.com/umatare5/xflow-exporter/internal/server/lifecycle.go:405.2,406.1 1 9259
github.com/umatare5/xflow-exporter/internal/server/lifecycle.go:416.2,417.1 2 16
github.com/umatare5/xflow-exporter/internal/server/lifecycle.go:418.2,418.27 2 16
github.com/umatare5/xflow-exporter/internal/server/lifecycle.go:419.3,421.17 3 8004
github.com/umatare5/xflow-exporter/internal/server/lifecycle.go:422.4,424.1 1 0
github.com/umatare5/xflow-exporter/internal/server/lifecycle.go:425.3,426.1 3 8004
github.com/umatare5/xflow-exporter/internal/server/lifecycle.go:427.3,428.1 3 8004
github.com/umatare5/xflow-exporter/internal/server/lifecycle.go:429.3,429.17 3 8004
github.com/umatare5/xflow-exporter/internal/server/lifecycle.go:430.4,431.1 1 0
github.com/umatare5/xflow-exporter/internal/server/lifecycle.go:434.3,434.68 1 8004
github.com/umatare5/xflow-exporter/internal/server/lifecycle.go:435.4,436.1 1 1
github.com/umatare5/xflow-exporter/internal/server/lifecycle.go:443.2,445.1 6 4
github.com/umatare5/xflow-exporter/internal/server/lifecycle.go:449.2,451.1 6 4
github.com/umatare5/xflow-exporter/internal/server/lifecycle.go:452.2,453.12 6 4
github.com/umatare5/xflow-exporter/internal/server/lifecycle.go:454.3,455.52 2 4
github.com/umatare5/xflow-exporter/internal/server/lifecycle.go:456.4,457.1 1 4
github.com/umatare5/xflow-exporter/internal/server/lifecycle.go:460.2,460.9 1 4
github.com/umatare5/xflow-exporter/internal/server/lifecycle.go:462.3,462.40 1 3
github.com/umatare5/xflow-exporter/internal/server/lifecycle.go:464.3,464.13 1 1
github.com/umatare5/xflow-exporter/internal/server/lifecycle.go:467.2,469.1 3 3
github.com/umatare5/xflow-exporter/internal/server/lifecycle.go:470.2,470.56 3 3
github.com/umatare5/xflow-exporter/internal/server/lifecycle.go:471.3,473.1 2 0
github.com/umatare5/xflow-exporter/internal/server/lifecycle.go:475.2,476.12 2 3
github.com/umatare5/xflow-exporter/internal/server/server.go:44.2,45.1 2 31
github.com/umatare5/xflow-exporter/internal/server/server.go:46.2,46.21 2 31
github.com/umatare5/xflow-exporter/internal/server/server.go:47.3,48.1 1 5
github.com/umatare5/xflow-exporter/internal/server/server.go:50.2,50.20 1 31
github.com/umatare5/xflow-exporter/internal/server/server.go:51.3,52.1 1 5
github.com/umatare5/xflow-exporter/internal/server/server.go:54.2,58.1 2 31
github.com/umatare5/xflow-exporter/internal/server/server.go:59.2,59.81 2 31
github.com/umatare5/xflow-exporter/internal/server/server.go:60.3,63.1 3 4
github.com/umatare5/xflow-exporter/internal/server/server.go:67.2,67.26 1 31
github.com/umatare5/xflow-exporter/internal/server/server.go:68.3,76.1 2 30
github.com/umatare5/xflow-exporter/internal/server/server.go:77.3,77.68 2 30
github.com/umatare5/xflow-exporter/internal/server/server.go:78.4,81.1 3 7
github.com/umatare5/xflow-exporter/internal/server/server.go:84.2,89.1 1 31
github.com/umatare5/xflow-exporter/internal/server/server.go:98.2,98.54 1 5
github.com/umatare5/xflow-exporter/internal/server/server.go:99.3,99.64 1 7
github.com/umatare5/xflow-exporter/internal/server/server.go:100.4,103.1 3 3
github.com/umatare5/xflow-exporter/internal/server/server.go:105.3,105.43 1 4
github.com/umatare5/xflow-exporter/internal/server/server.go:108.4,111.1 3 1
github.com/umatare5/xflow-exporter/internal/server/server.go:113.3,116.39 4 3
github.com/umatare5/xflow-exporter/internal/decoder/apps.go:56.2,57.1 1 515
github.com/umatare5/xflow-exporter/internal/decoder/apps.go:63.2,66.8 4 81952
github.com/umatare5/xflow-exporter/internal/decoder/apps.go:67.3,69.1 2 81942
github.com/umatare5/xflow-exporter/internal/decoder/apps.go:71.2,73.37 3 10
github.com/umatare5/xflow-exporter/internal/decoder/apps.go:74.3,75.1 1 0
github.com/umatare5/xflow-exporter/internal/decoder/apps.go:76.2,79.1 4 10
github.com/umatare5/xflow-exporter/internal/decoder/apps.go:80.2,82.10 4 10
github.com/umatare5/xflow-exporter/internal/decoder/apps.go:88.2,90.1 4 15
github.com/umatare5/xflow-exporter/internal/decoder/apps.go:91.2,92.36 4 15
github.com/umatare5/xflow-exporter/internal/decoder/apps.go:93.3,93.37 1 2
github.com/umatare5/xflow-exporter/internal/decoder/apps.go:94.4,94.12 1 1
github.com/umatare5/xflow-exporter/internal/decoder/apps.go:96.3,97.12 2 1
github.com/umatare5/xflow-exporter/internal/decoder/apps.go:99.2,99.16 1 15
github.com/umatare5/xflow-exporter/internal/decoder/apps.go:104.2,105.17 2 81951
github.com/umatare5/xflow-exporter/internal/decoder/apps.go:106.3,107.1 1 2
github.com/umatare5/xflow-exporter/internal/decoder/apps.go:109.2,110.1 4 81949
github.com/umatare5/xflow-exporter/internal/decoder/apps.go:111.2,113.29 4 81949
github.com/umatare5/xflow-exporter/internal/decoder/apps.go:114.3,116.1 2 16405
github.com/umatare5/xflow-exporter/internal/decoder/apps.go:117.2,117.24 1 65544
github.com/umatare5/xflow-exporter/internal/decoder/apps.go:122.2,123.17 2 4
github.com/umatare5/xflow-exporter/internal/decoder/apps.go:124.3,125.1 1 2
github.com/umatare5/xflow-exporter/internal/decoder/apps.go:127.2,128.1 4 2
github.com/umatare5/xflow-exporter/internal/decoder/apps.go:129.2,131.34 4 2
github.com/umatare5/xflow-exporter/internal/decoder/apps.go:132.3,134.1 2 0
github.com/umatare5/xflow-exporter/internal/decoder/apps.go:135.2,135.29 1 2
github.com/umatare5/xflow-exporter/internal/decoder/apps.go:142.2,142.27 1 81951
github.com/umatare5/xflow-exporter/internal/decoder/apps.go:143.3,144.1 1 16385
github.com/umatare5/xflow-exporter/internal/decoder/apps.go:145.2,145.36 1 65566
github.com/umatare5/xflow-exporter/internal/decoder/apps.go:150.2,151.1 1 3
github.com/umatare5/xflow-exporter/internal/decoder/apps.go:156.2,159.9 4 13
github.com/umatare5/xflow-exporter/internal/decoder/apps.go:160.3,161.1 1 3
github.com/umatare5/xflow-exporter/internal/decoder/apps.go:163.2,165.44 3 10
github.com/umatare5/xflow-exporter/internal/decoder/apps.go:196.2,197.1 1 517
github.com/umatare5/xflow-exporter/internal/decoder/apps.go:203.2,204.23 2 148511
github.com/umatare5/xflow-exporter/internal/decoder/apps.go:205.3,206.1 1 9
github.com/umatare5/xflow-exporter/internal/decoder/apps.go:207.2,207.42 1 148502
github.com/umatare5/xflow-exporter/internal/decoder/apps.go:208.3,210.1 2 1
github.com/umatare5/xflow-exporter/internal/decoder/apps.go:221.2,221.26 1 148501
github.com/umatare5/xflow-exporter/internal/decoder/apps.go:222.3,224.1 2 4
github.com/umatare5/xflow-exporter/internal/decoder/apps.go:226.2,229.8 4 148497
github.com/umatare5/xflow-exporter/internal/decoder/apps.go:230.3,231.1 1 16398
github.com/umatare5/xflow-exporter/internal/decoder/apps.go:233.2,235.39 3 132099
github.com/umatare5/xflow-exporter/internal/decoder/apps.go:236.3,237.1 1 0
github.com/umatare5/xflow-exporter/internal/decoder/apps.go:238.2,238.36 1 132099
github.com/umatare5/xflow-exporter/internal/decoder/apps.go:239.3,240.1 1 1000
github.com/umatare5/xflow-exporter/internal/decoder/apps.go:241.2,243.10 3 131099
github.com/umatare5/xflow-exporter/internal/decoder/apps.go:248.2,249.1 1 2
github.com/umatare5/xflow-exporter/internal/decoder/apps.go:254.2,255.1 1 148511
github.com/umatare5/xflow-exporter/internal/decoder/clock.go:40.2,40.32 1 49
github.com/umatare5/xflow-exporter/internal/decoder/clock.go:41.3,42.1 1 42
github.com/umatare5/xflow-exporter/internal/decoder/clock.go:43.2,45.10 3 7
github.com/umatare5/xflow-exporter/internal/decoder/clock.go:54.2,55.45 2 402
github.com/umatare5/xflow-exporter/internal/decoder/clock.go:56.3,57.1 1 3
github.com/umatare5/xflow-exporter/internal/decoder/clock.go:58.2,58.57 1 402
github.com/umatare5/xflow-exporter/internal/decoder/clock.go:64.2,65.1 1 153
github.com/umatare5/xflow-exporter/internal/decoder/clock.go:72.2,72.23 1 208
github.com/umatare5/xflow-exporter/internal/decoder/clock.go:73.3,74.1 1 4
github.com/umatare5/xflow-exporter/internal/decoder/clock.go:75.2,75.25 1 204
github.com/umatare5/xflow-exporter/internal/decoder/decoder.go:62.2,63.1 1 0
github.com/umatare5/xflow-exporter/internal/decoder/decoder.go:67.2,68.1 1 45
github.com/umatare5/xflow-exporter/internal/decoder/decoder.go:72.2,73.1 1 40
github.com/umatare5/xflow-exporter/internal/decoder/decoder.go:110.2,111.1 2 513
github.com/umatare5/xflow-exporter/internal/decoder/decoder.go:112.2,119.1 2 513
github.com/umatare5/xflow-exporter/internal/decoder/decoder.go:126.2,126.37 1 344
github.com/umatare5/xflow-exporter/internal/decoder/decoder.go:127.3,128.1 1 341
github.com/umatare5/xflow-exporter/internal/decoder/decoder.go:129.2,129.62 1 3
github.com/umatare5/xflow-exporter/internal/decoder/decoder.go:138.2,141.1 3 15
github.com/umatare5/xflow-exporter/internal/decoder/decoder.go:146.2,147.1 1 1
github.com/umatare5/xflow-exporter/internal/decoder/decoder.go:153.2,154.1 1 3
github.com/umatare5/xflow-exporter/internal/decoder/decoder.go:161.2,162.1 1 7
github.com/umatare5/xflow-exporter/internal/decoder/decoder.go:167.2,168.1 1 0
github.com/umatare5/xflow-exporter/internal/decoder/decoder.go:177.2,178.1 1 0
github.com/umatare5/xflow-exporter/internal/decoder/decoder.go:184.2,185.1 1 3
github.com/umatare5/xflow-exporter/internal/decoder/decoder.go:189.2,190.1 1 2
github.com/umatare5/xflow-exporter/internal/decoder/decoder.go:196.2,197.1 1 2
github.com/umatare5/xflow-exporter/internal/decoder/decoder.go:201.2,202.1 1 102
github.com/umatare5/xflow-exporter/internal/decoder/decoder.go:207.2,208.1 1 3
github.com/umatare5/xflow-exporter/internal/decoder/decoder.go:212.2,213.1 1 138
github.com/umatare5/xflow-exporter/internal/decoder/decoder.go:224.2,225.1 5 70258
github.com/umatare5/xflow-exporter/internal/decoder/decoder.go:231.2,233.1 5 70258
github.com/umatare5/xflow-exporter/internal/decoder/decoder.go:234.2,235.16 5 70258
github.com/umatare5/xflow-exporter/internal/decoder/decoder.go:236.3,238.1 2 5
github.com/umatare5/xflow-exporter/internal/decoder/decoder.go:240.2,242.16 3 70253
github.com/umatare5/xflow-exporter/internal/decoder/decoder.go:243.3,245.1 2 26
github.com/umatare5/xflow-exporter/internal/decoder/decoder.go:247.2,248.17 2 70227
github.com/umatare5/xflow-exporter/internal/decoder/decoder.go:256.2,256.17 1 70253
github.com/umatare5/xflow-exporter/internal/decoder/decoder.go:258.3,258.57 1 17
github.com/umatare5/xflow-exporter/internal/decoder/decoder.go:260.3,260.57 1 13
github.com/umatare5/xflow-exporter/internal/decoder/decoder.go:262.3,262.32 1 1920
github.com/umatare5/xflow-exporter/internal/decoder/decoder.go:262.34,262.80 1 66
github.com/umatare5/xflow-exporter/internal/decoder/decoder.go:263.3,263.64 1 1920
github.com/umatare5/xflow-exporter/internal/decoder/decoder.go:265.3,265.32 1 68241
github.com/umatare5/xflow-exporter/internal/decoder/decoder.go:265.34,265.76 1 1314
github.com/umatare5/xflow-exporter/internal/decoder/decoder.go:266.3,266.60 1 68241
github.com/umatare5/xflow-exporter/internal/decoder/decoder.go:268.3,268.32 1 62
github.com/umatare5/xflow-exporter/internal/decoder/decoder.go:268.34,268.78 1 16
github.com/umatare5/xflow-exporter/internal/decoder/decoder.go:269.3,269.62 1 62
github.com/umatare5/xflow-exporter/internal/decoder/decoder.go:271.3,271.88 1 0
github.com/umatare5/xflow-exporter/internal/decoder/decoder.go:273.3,273.88 1 0
github.com/umatare5/xflow-exporter/internal/decoder/decoder.go:283.2,283.36 1 70267
github.com/umatare5/xflow-exporter/internal/decoder/decoder.go:284.3,285.1 1 6
github.com/umatare5/xflow-exporter/internal/decoder/decoder.go:287.2,287.58 1 70261
github.com/umatare5/xflow-exporter/internal/decoder/decoder.go:289.3,289.36 1 18
github.com/umatare5/xflow-exporter/internal/decoder/decoder.go:291.3,291.36 1 14
github.com/umatare5/xflow-exporter/internal/decoder/decoder.go:293.3,293.36 1 1921
github.com/umatare5/xflow-exporter/internal/decoder/decoder.go:295.3,295.32 1 68242
github.com/umatare5/xflow-exporter/internal/decoder/decoder.go:297.3,297.54 1 64
github.com/umatare5/xflow-exporter/internal/decoder/decoder.go:298.4,299.1 1 63
github.com/umatare5/xflow-exporter/internal/decoder/decoder.go:300.3,303.1 1 1
github.com/umatare5/xflow-exporter/internal/decoder/decoder.go:305.3,308.1 1 2
github.com/umatare5/xflow-exporter/internal/decoder/fields.go:108.2,109.1 2 344
github.com/umatare5/xflow-exporter/internal/decoder/fields.go:112.2,112.48 2 344
github.com/umatare5/xflow-exporter/internal/decoder/fields.go:113.3,114.1 1 5
github.com/umatare5/xflow-exporter/internal/decoder/fields.go:115.2,115.52 1 344
github.com/umatare5/xflow-exporter/internal/decoder/fields.go:116.3,117.1 1 4
github.com/umatare5/xflow-exporter/internal/decoder/fields.go:119.2,121.1 3 344
github.com/umatare5/xflow-exporter/internal/decoder/fields.go:122.2,122.21 3 344
github.com/umatare5/xflow-exporter/internal/decoder/fields.go:123.3,124.1 1 5
github.com/umatare5/xflow-exporter/internal/decoder/fields.go:126.2,126.25 1 344
github.com/umatare5/xflow-exporter/internal/decoder/fields.go:127.3,129.11 3 344
github.com/umatare5/xflow-exporter/internal/decoder/fields.go:130.4,131.1 1 301
github.com/umatare5/xflow-exporter/internal/decoder/fields.go:138.2,139.15 2 344
github.com/umatare5/xflow-exporter/internal/decoder/fields.go:140.3,141.1 1 289
github.com/umatare5/xflow-exporter/internal/decoder/fields.go:143.2,145.29 3 55
github.com/umatare5/xflow-exporter/internal/decoder/fields.go:153.2,153.56 1 344
github.com/umatare5/xflow-exporter/internal/decoder/fields.go:154.3,155.1 1 7
github.com/umatare5/xflow-exporter/internal/decoder/fields.go:156.2,156.51 1 337
github.com/umatare5/xflow-exporter/internal/decoder/fields.go:157.3,158.1 1 288
github.com/umatare5/xflow-exporter/internal/decoder/fields.go:160.2,161.22 2 49
github.com/umatare5/xflow-exporter/internal/decoder/fields.go:162.3,163.1 1 1
github.com/umatare5/xflow-exporter/internal/decoder/fields.go:164.2,164.82 1 48
github.com/umatare5/xflow-exporter/internal/decoder/fields.go:172.2,172.9 1 344
github.com/umatare5/xflow-exporter/internal/decoder/fields.go:174.3,174.53 1 19
github.com/umatare5/xflow-exporter/internal/decoder/fields.go:176.3,176.55 1 3
github.com/umatare5/xflow-exporter/internal/decoder/fields.go:178.2,178.74 1 322
github.com/umatare5/xflow-exporter/internal/decoder/fields.go:179.3,180.1 1 11
github.com/umatare5/xflow-exporter/internal/decoder/fields.go:181.2,181.37 1 311
github.com/umatare5/xflow-exporter/internal/decoder/fields.go:188.2,189.9 2 6
github.com/umatare5/xflow-exporter/internal/decoder/fields.go:190.3,191.1 1 3
github.com/umatare5/xflow-exporter/internal/decoder/fields.go:193.2,193.11 1 3
github.com/umatare5/xflow-exporter/internal/decoder/fields.go:195.3,195.31 1 1
github.com/umatare5/xflow-exporter/internal/decoder/fields.go:197.3,197.30 1 1
github.com/umatare5/xflow-exporter/internal/decoder/fields.go:199.3,199.31 1 1
github.com/umatare5/xflow-exporter/internal/decoder/fields.go:225.2,226.42 2 344
github.com/umatare5/xflow-exporter/internal/decoder/fields.go:227.3,228.1 1 77
github.com/umatare5/xflow-exporter/internal/decoder/fields.go:230.2,231.26 2 344
github.com/umatare5/xflow-exporter/internal/decoder/fields.go:232.3,233.1 1 95
github.com/umatare5/xflow-exporter/internal/decoder/fields.go:234.2,234.26 1 344
github.com/umatare5/xflow-exporter/internal/decoder/fields.go:235.3,236.1 1 98
github.com/umatare5/xflow-exporter/internal/decoder/fields.go:244.2,246.1 1 517
github.com/umatare5/xflow-exporter/internal/decoder/fields.go:256.2,256.63 1 344
github.com/umatare5/xflow-exporter/internal/decoder/fields.go:257.3,258.1 1 334
github.com/umatare5/xflow-exporter/internal/decoder/fields.go:260.2,260.50 1 10
github.com/umatare5/xflow-exporter/internal/decoder/fields.go:261.3,261.10 1 9
github.com/umatare5/xflow-exporter/internal/decoder/fields.go:263.4,263.44 1 8
github.com/umatare5/xflow-exporter/internal/decoder/fields.go:265.4,265.36 1 1
github.com/umatare5/xflow-exporter/internal/decoder/fields.go:272.2,272.24 1 10
github.com/umatare5/xflow-exporter/internal/decoder/fields.go:273.3,274.1 1 7
github.com/umatare5/xflow-exporter/internal/decoder/fields.go:275.2,275.45 1 10
github.com/umatare5/xflow-exporter/internal/decoder/fields.go:276.3,277.1 1 2
github.com/umatare5/xflow-exporter/internal/decoder/fields.go:286.2,286.21 1 20698
github.com/umatare5/xflow-exporter/internal/decoder/fields.go:289.3,290.1 1 13
github.com/umatare5/xflow-exporter/internal/decoder/fields.go:292.2,292.19 1 20685
github.com/umatare5/xflow-exporter/internal/decoder/fields.go:294.3,294.33 1 643
github.com/umatare5/xflow-exporter/internal/decoder/fields.go:295.4,296.1 1 297
github.com/umatare5/xflow-exporter/internal/decoder/fields.go:298.3,298.33 1 163
github.com/umatare5/xflow-exporter/internal/decoder/fields.go:299.4,300.1 1 67
github.com/umatare5/xflow-exporter/internal/decoder/fields.go:302.3,302.33 1 10
github.com/umatare5/xflow-exporter/internal/decoder/fields.go:303.4,304.1 1 5
github.com/umatare5/xflow-exporter/internal/decoder/fields.go:306.3,306.33 1 14
github.com/umatare5/xflow-exporter/internal/decoder/fields.go:307.4,308.1 1 7
github.com/umatare5/xflow-exporter/internal/decoder/fields.go:310.3,310.33 1 10
github.com/umatare5/xflow-exporter/internal/decoder/fields.go:311.4,312.1 1 5
github.com/umatare5/xflow-exporter/internal/decoder/fields.go:314.3,314.34 1 405
github.com/umatare5/xflow-exporter/internal/decoder/fields.go:315.4,316.1 1 187
github.com/umatare5/xflow-exporter/internal/decoder/fields.go:318.3,318.37 1 6
github.com/umatare5/xflow-exporter/internal/decoder/fields.go:320.3,320.34 1 93
github.com/umatare5/xflow-exporter/internal/decoder/fields.go:321.4,323.1 2 32
github.com/umatare5/xflow-exporter/internal/decoder/fields.go:328.3,328.68 1 10
github.com/umatare5/xflow-exporter/internal/decoder/fields.go:329.4,331.1 2 3
github.com/umatare5/xflow-exporter/internal/decoder/fields.go:341.3,341.35 1 97
github.com/umatare5/xflow-exporter/internal/decoder/fields.go:342.4,344.1 2 34
github.com/umatare5/xflow-exporter/internal/decoder/fields.go:346.3,346.35 1 101
github.com/umatare5/xflow-exporter/internal/decoder/fields.go:347.4,348.1 1 35
github.com/umatare5/xflow-exporter/internal/decoder/fields.go:350.3,350.35 1 101
github.com/umatare5/xflow-exporter/internal/decoder/fields.go:351.4,352.1 1 35
github.com/umatare5/xflow-exporter/internal/decoder/fields.go:354.3,354.28 1 544
github.com/umatare5/xflow-exporter/internal/decoder/fields.go:355.4,356.1 1 244
github.com/umatare5/xflow-exporter/internal/decoder/fields.go:358.3,358.28 1 497
github.com/umatare5/xflow-exporter/internal/decoder/fields.go:359.4,360.1 1 241
github.com/umatare5/xflow-exporter/internal/decoder/fields.go:362.3,362.28 1 302
github.com/umatare5/xflow-exporter/internal/decoder/fields.go:363.4,364.1 1 150
github.com/umatare5/xflow-exporter/internal/decoder/fields.go:366.3,366.28 1 304
github.com/umatare5/xflow-exporter/internal/decoder/fields.go:367.4,368.1 1 151
github.com/umatare5/xflow-exporter/internal/decoder/fields.go:370.3,370.34 1 89
github.com/umatare5/xflow-exporter/internal/decoder/fields.go:371.4,372.1 1 30
github.com/umatare5/xflow-exporter/internal/decoder/fields.go:374.3,374.34 1 89
github.com/umatare5/xflow-exporter/internal/decoder/fields.go:375.4,376.1 1 30
github.com/umatare5/xflow-exporter/internal/decoder/fields.go:378.3,378.35 1 131
github.com/umatare5/xflow-exporter/internal/decoder/fields.go:379.4,380.1 1 53
github.com/umatare5/xflow-exporter/internal/decoder/fields.go:382.3,382.35 1 93
github.com/umatare5/xflow-exporter/internal/decoder/fields.go:383.4,384.1 1 32
github.com/umatare5/xflow-exporter/internal/decoder/fields.go:386.3,386.35 1 89
github.com/umatare5/xflow-exporter/internal/decoder/fields.go:387.4,388.1 1 30
github.com/umatare5/xflow-exporter/internal/decoder/fields.go:390.3,390.35 1 89
github.com/umatare5/xflow-exporter/internal/decoder/fields.go:391.4,392.1 1 30
github.com/umatare5/xflow-exporter/internal/decoder/fields.go:394.3,394.40 1 6
github.com/umatare5/xflow-exporter/internal/decoder/fields.go:395.4,396.1 1 3
github.com/umatare5/xflow-exporter/internal/decoder/fields.go:398.3,398.56 1 34
github.com/umatare5/xflow-exporter/internal/decoder/fields.go:400.3,400.58 1 5
github.com/umatare5/xflow-exporter/internal/decoder/fields.go:402.3,402.52 1 16760
github.com/umatare5/xflow-exporter/internal/decoder/fields.go:404.2,404.13 1 3925
github.com/umatare5/xflow-exporter/internal/decoder/fields.go:409.2,409.19 1 16760
github.com/umatare5/xflow-exporter/internal/decoder/fields.go:411.3,411.29 1 18
github.com/umatare5/xflow-exporter/internal/decoder/fields.go:413.3,413.26 1 2
github.com/umatare5/xflow-exporter/internal/decoder/fields.go:415.3,415.37 1 10
github.com/umatare5/xflow-exporter/internal/decoder/fields.go:417.3,417.15 1 16730
github.com/umatare5/xflow-exporter/internal/decoder/fields.go:419.2,419.13 1 30
github.com/umatare5/xflow-exporter/internal/decoder/fields.go:425.2,425.48 1 16760
github.com/umatare5/xflow-exporter/internal/decoder/fields.go:426.3,427.1 1 30
github.com/umatare5/xflow-exporter/internal/decoder/fields.go:429.2,429.19 1 16730
github.com/umatare5/xflow-exporter/internal/decoder/fields.go:431.3,431.62 1 133
github.com/umatare5/xflow-exporter/internal/decoder/fields.go:433.3,433.60 1 131
github.com/umatare5/xflow-exporter/internal/decoder/fields.go:435.3,435.44 1 14
github.com/umatare5/xflow-exporter/internal/decoder/fields.go:436.4,437.1 1 7
github.com/umatare5/xflow-exporter/internal/decoder/fields.go:439.3,439.50 1 0
github.com/umatare5/xflow-exporter/internal/decoder/fields.go:440.4,441.1 1 0
github.com/umatare5/xflow-exporter/internal/decoder/fields.go:443.3,443.50 1 0
github.com/umatare5/xflow-exporter/internal/decoder/fields.go:444.4,445.1 1 0
github.com/umatare5/xflow-exporter/internal/decoder/fields.go:447.3,447.55 1 32
github.com/umatare5/xflow-exporter/internal/decoder/fields.go:448.4,449.1 1 10
github.com/umatare5/xflow-exporter/internal/decoder/fields.go:451.3,451.55 1 28
github.com/umatare5/xflow-exporter/internal/decoder/fields.go:452.4,453.1 1 9
github.com/umatare5/xflow-exporter/internal/decoder/fields.go:457.3,457.41 1 12
github.com/umatare5/xflow-exporter/internal/decoder/fields.go:459.3,459.41 1 3
github.com/umatare5/xflow-exporter/internal/decoder/fields.go:461.3,461.15 1 16377
github.com/umatare5/xflow-exporter/internal/decoder/fields.go:463.2,463.13 1 353
github.com/umatare5/xflow-exporter/internal/decoder/fields.go:473.2,474.1 1 309
github.com/umatare5/xflow-exporter/internal/decoder/fields.go:481.2,481.20 1 85725
github.com/umatare5/xflow-exporter/internal/decoder/fields.go:483.3,483.32 1 318
github.com/umatare5/xflow-exporter/internal/decoder/fields.go:485.3,485.54 1 89
github.com/umatare5/xflow-exporter/internal/decoder/fields.go:487.3,487.54 1 1623
github.com/umatare5/xflow-exporter/internal/decoder/fields.go:489.3,489.46 1 158
github.com/umatare5/xflow-exporter/internal/decoder/fields.go:491.3,492.27 2 81958
github.com/umatare5/xflow-exporter/internal/decoder/fields.go:493.4,494.1 1 245888
github.com/umatare5/xflow-exporter/internal/decoder/fields.go:495.3,495.17 1 81958
github.com/umatare5/xflow-exporter/internal/decoder/fields.go:497.3,497.18 1 1579
github.com/umatare5/xflow-exporter/internal/decoder/fields.go:506.2,507.30 2 692
github.com/umatare5/xflow-exporter/internal/decoder/fields.go:508.3,509.1 1 405
github.com/umatare5/xflow-exporter/internal/decoder/fields.go:510.2,510.23 1 287
github.com/umatare5/xflow-exporter/internal/decoder/fields.go:514.2,515.31 2 308
github.com/umatare5/xflow-exporter/internal/decoder/fields.go:516.3,517.1 1 196
github.com/umatare5/xflow-exporter/internal/decoder/fields.go:518.2,518.24 1 112
github.com/umatare5/xflow-exporter/internal/decoder/fields.go:522.2,523.31 2 1916
github.com/umatare5/xflow-exporter/internal/decoder/fields.go:524.3,525.1 1 514
github.com/umatare5/xflow-exporter/internal/decoder/fields.go:526.2,526.24 1 1402
github.com/umatare5/xflow-exporter/internal/decoder/fields.go:535.2,535.20 1 81982
github.com/umatare5/xflow-exporter/internal/decoder/fields.go:536.3,537.1 1 23
github.com/umatare5/xflow-exporter/internal/decoder/fields.go:538.2,539.48 2 81959
github.com/umatare5/xflow-exporter/internal/decoder/fields.go:540.3,541.1 1 2
github.com/umatare5/xflow-exporter/internal/decoder/fields.go:542.2,542.72 1 81957
github.com/umatare5/xflow-exporter/internal/decoder/fields.go:551.2,551.38 1 0
github.com/umatare5/xflow-exporter/internal/decoder/fields.go:552.3,553.1 1 0
github.com/umatare5/xflow-exporter/internal/decoder/fields.go:554.2,554.66 1 0
github.com/umatare5/xflow-exporter/internal/decoder/fields.go:558.2,558.43 1 74
github.com/umatare5/xflow-exporter/internal/decoder/fields.go:559.3,560.1 1 45
github.com/umatare5/xflow-exporter/internal/decoder/fields.go:561.2,562.23 2 29
github.com/umatare5/xflow-exporter/internal/decoder/fields.go:563.3,564.1 1 0
github.com/umatare5/xflow-exporter/internal/decoder/fields.go:565.2,565.39 1 29
github.com/umatare5/xflow-exporter/internal/decoder/fields.go:573.2,574.1 1 60
github.com/umatare5/xflow-exporter/internal/decoder/ipfix.go:34.2,34.35 1 68241
github.com/umatare5/xflow-exporter/internal/decoder/ipfix.go:35.3,36.1 1 1
github.com/umatare5/xflow-exporter/internal/decoder/ipfix.go:38.2,39.54 2 68240
github.com/umatare5/xflow-exporter/internal/decoder/ipfix.go:40.3,41.1 1 1
github.com/umatare5/xflow-exporter/internal/decoder/ipfix.go:43.2,47.19 5 68239
github.com/umatare5/xflow-exporter/internal/decoder/ipfix.go:48.3,50.1 2 1283
github.com/umatare5/xflow-exporter/internal/decoder/ipfix.go:51.2,52.60 2 66956
github.com/umatare5/xflow-exporter/internal/decoder/ipfix.go:53.3,54.1 1 14
github.com/umatare5/xflow-exporter/internal/decoder/ipfix.go:58.2,59.1 3 66942
github.com/umatare5/xflow-exporter/internal/decoder/ipfix.go:60.2,61.1 3 66942
github.com/umatare5/xflow-exporter/internal/decoder/ipfix.go:62.2,62.67 3 66942
github.com/umatare5/xflow-exporter/internal/decoder/ipfix.go:63.3,70.1 7 590
github.com/umatare5/xflow-exporter/internal/decoder/ipfix.go:75.2,82.17 2 66942
github.com/umatare5/xflow-exporter/internal/decoder/ipfix.go:95.2,96.43 2 66956
github.com/umatare5/xflow-exporter/internal/decoder/ipfix.go:97.3,97.32 1 290
github.com/umatare5/xflow-exporter/internal/decoder/ipfix.go:98.4,99.1 1 1
github.com/umatare5/xflow-exporter/internal/decoder/ipfix.go:100.3,100.23 1 290
github.com/umatare5/xflow-exporter/internal/decoder/ipfix.go:101.4,102.1 1 272
github.com/umatare5/xflow-exporter/internal/decoder/ipfix.go:103.3,103.20 1 290
github.com/umatare5/xflow-exporter/internal/decoder/ipfix.go:106.2,107.69 2 66956
github.com/umatare5/xflow-exporter/internal/decoder/ipfix.go:108.3,110.32 3 626
github.com/umatare5/xflow-exporter/internal/decoder/ipfix.go:111.4,113.9 2 2
github.com/umatare5/xflow-exporter/internal/decoder/ipfix.go:115.3,115.31 1 624
github.com/umatare5/xflow-exporter/internal/decoder/ipfix.go:116.4,117.9 2 3
github.com/umatare5/xflow-exporter/internal/decoder/ipfix.go:119.3,121.1 3 621
github.com/umatare5/xflow-exporter/internal/decoder/ipfix.go:122.3,122.10 3 621
github.com/umatare5/xflow-exporter/internal/decoder/ipfix.go:124.4,124.40 1 250
github.com/umatare5/xflow-exporter/internal/decoder/ipfix.go:126.4,126.47 1 40
github.com/umatare5/xflow-exporter/internal/decoder/ipfix.go:128.4,129.11 2 331
github.com/umatare5/xflow-exporter/internal/decoder/ipfix.go:130.5,131.1 1 114
github.com/umatare5/xflow-exporter/internal/decoder/ipfix.go:134.4,134.45 1 331
github.com/umatare5/xflow-exporter/internal/decoder/ipfix.go:135.5,136.1 1 9
github.com/umatare5/xflow-exporter/internal/decoder/ipfix.go:140.2,140.16 1 66956
github.com/umatare5/xflow-exporter/internal/decoder/ipfix.go:141.3,141.32 1 14
github.com/umatare5/xflow-exporter/internal/decoder/ipfix.go:142.4,142.94 1 17
github.com/umatare5/xflow-exporter/internal/decoder/ipfix.go:143.5,144.1 1 6
github.com/umatare5/xflow-exporter/internal/decoder/ipfix.go:147.2,147.12 1 66956
github.com/umatare5/xflow-exporter/internal/decoder/ipfix.go:154.2,154.30 1 315
github.com/umatare5/xflow-exporter/internal/decoder/ipfix.go:155.3,156.1 1 7
github.com/umatare5/xflow-exporter/internal/decoder/ipfix.go:157.2,157.22 1 308
github.com/umatare5/xflow-exporter/internal/decoder/ipfix.go:158.3,159.1 1 208
github.com/umatare5/xflow-exporter/internal/decoder/ipfix.go:160.2,160.53 1 100
github.com/umatare5/xflow-exporter/internal/decoder/ipfix.go:161.3,161.32 1 81961
github.com/umatare5/xflow-exporter/internal/decoder/ipfix.go:162.4,163.59 2 163922
github.com/umatare5/xflow-exporter/internal/decoder/ipfix.go:164.5,165.1 1 2
github.com/umatare5/xflow-exporter/internal/decoder/ipfix.go:168.2,168.13 1 98
github.com/umatare5/xflow-exporter/internal/decoder/ipfix.go:177.2,177.43 1 590
github.com/umatare5/xflow-exporter/internal/decoder/ipfix.go:177.45,177.90 1 273
github.com/umatare5/xflow-exporter/internal/decoder/ipfix.go:178.2,178.9 1 590
github.com/umatare5/xflow-exporter/internal/decoder/ipfix.go:180.3,181.26 2 238
github.com/umatare5/xflow-exporter/internal/decoder/ipfix.go:183.3,184.26 2 36
github.com/umatare5/xflow-exporter/internal/decoder/ipfix.go:186.3,186.90 1 316
github.com/umatare5/xflow-exporter/internal/decoder/ipfix.go:188.3,189.23 2 0
github.com/umatare5/xflow-exporter/internal/decoder/ipfix.go:199.2,200.42 2 488
github.com/umatare5/xflow-exporter/internal/decoder/ipfix.go:201.3,204.1 4 495
github.com/umatare5/xflow-exporter/internal/decoder/ipfix.go:205.3,205.22 4 495
github.com/umatare5/xflow-exporter/internal/decoder/ipfix.go:206.4,206.12 1 4
github.com/umatare5/xflow-exporter/internal/decoder/ipfix.go:208.3,208.70 1 491
github.com/umatare5/xflow-exporter/internal/decoder/ipfix.go:209.4,211.12 3 12
github.com/umatare5/xflow-exporter/internal/decoder/ipfix.go:214.3,215.10 2 479
github.com/umatare5/xflow-exporter/internal/decoder/ipfix.go:216.4,218.12 3 12
github.com/umatare5/xflow-exporter/internal/decoder/ipfix.go:220.3,221.1 2 467
github.com/umatare5/xflow-exporter/internal/decoder/ipfix.go:222.3,226.5 2 467
github.com/umatare5/xflow-exporter/internal/decoder/ipfix.go:238.2,242.1 3 76
github.com/umatare5/xflow-exporter/internal/decoder/ipfix.go:243.2,244.39 3 76
github.com/umatare5/xflow-exporter/internal/decoder/ipfix.go:245.3,247.1 3 86
github.com/umatare5/xflow-exporter/internal/decoder/ipfix.go:248.3,248.22 3 86
github.com/umatare5/xflow-exporter/internal/decoder/ipfix.go:249.4,250.12 2 14
github.com/umatare5/xflow-exporter/internal/decoder/ipfix.go:253.3,253.32 1 72
github.com/umatare5/xflow-exporter/internal/decoder/ipfix.go:254.4,255.1 1 0
github.com/umatare5/xflow-exporter/internal/decoder/ipfix.go:256.3,258.1 3 72
github.com/umatare5/xflow-exporter/internal/decoder/ipfix.go:261.3,262.39 3 72
github.com/umatare5/xflow-exporter/internal/decoder/ipfix.go:263.4,265.12 3 2
github.com/umatare5/xflow-exporter/internal/decoder/ipfix.go:268.3,269.10 2 70
github.com/umatare5/xflow-exporter/internal/decoder/ipfix.go:270.4,272.12 3 4
github.com/umatare5/xflow-exporter/internal/decoder/ipfix.go:274.3,275.1 2 66
github.com/umatare5/xflow-exporter/internal/decoder/ipfix.go:276.3,282.5 2 66
github.com/umatare5/xflow-exporter/internal/decoder/ipfix.go:293.2,297.1 3 549
github.com/umatare5/xflow-exporter/internal/decoder/ipfix.go:298.2,299.23 3 549
github.com/umatare5/xflow-exporter/internal/decoder/ipfix.go:300.3,300.32 1 2404
github.com/umatare5/xflow-exporter/internal/decoder/ipfix.go:301.4,302.1 1 2
github.com/umatare5/xflow-exporter/internal/decoder/ipfix.go:304.3,307.1 5 2402
github.com/umatare5/xflow-exporter/internal/decoder/ipfix.go:308.3,309.35 5 2402
github.com/umatare5/xflow-exporter/internal/decoder/ipfix.go:310.4,310.39 1 23
github.com/umatare5/xflow-exporter/internal/decoder/ipfix.go:311.5,312.1 1 0
github.com/umatare5/xflow-exporter/internal/decoder/ipfix.go:313.4,315.27 3 23
github.com/umatare5/xflow-exporter/internal/decoder/ipfix.go:318.3,318.17 1 2402
github.com/umatare5/xflow-exporter/internal/decoder/ipfix.go:320.4,321.12 2 44
github.com/umatare5/xflow-exporter/internal/decoder/ipfix.go:323.4,323.34 1 14
github.com/umatare5/xflow-exporter/internal/decoder/ipfix.go:325.4,325.25 1 2344
github.com/umatare5/xflow-exporter/internal/decoder/ipfix.go:328.3,328.103 1 2388
github.com/umatare5/xflow-exporter/internal/decoder/ipfix.go:331.2,331.50 1 533
github.com/umatare5/xflow-exporter/internal/decoder/ipfix.go:339.2,343.1 2 30
github.com/umatare5/xflow-exporter/internal/decoder/ipfix.go:344.2,344.23 2 30
github.com/umatare5/xflow-exporter/internal/decoder/ipfix.go:345.3,345.32 1 1333
github.com/umatare5/xflow-exporter/internal/decoder/ipfix.go:346.4,347.1 1 2
github.com/umatare5/xflow-exporter/internal/decoder/ipfix.go:348.3,348.71 1 1331
github.com/umatare5/xflow-exporter/internal/decoder/ipfix.go:349.4,350.1 1 260
github.com/umatare5/xflow-exporter/internal/decoder/ipfix.go:351.3,351.20 1 1331
github.com/umatare5/xflow-exporter/internal/decoder/ipfix.go:353.2,353.15 1 28
github.com/umatare5/xflow-exporter/internal/decoder/ipfix.go:363.2,364.9 2 316
github.com/umatare5/xflow-exporter/internal/decoder/ipfix.go:365.3,367.1 2 16
github.com/umatare5/xflow-exporter/internal/decoder/ipfix.go:369.2,371.39 3 300
github.com/umatare5/xflow-exporter/internal/decoder/ipfix.go:372.3,383.14 3 82167
github.com/umatare5/xflow-exporter/internal/decoder/ipfix.go:384.4,386.1 2 0
github.com/umatare5/xflow-exporter/internal/decoder/ipfix.go:387.3,387.12 1 82167
github.com/umatare5/xflow-exporter/internal/decoder/ipfix.go:391.2,391.31 1 300
github.com/umatare5/xflow-exporter/internal/decoder/ipfix.go:400.2,400.17 1 82167
github.com/umatare5/xflow-exporter/internal/decoder/ipfix.go:401.3,403.1 2 81959
github.com/umatare5/xflow-exporter/internal/decoder/ipfix.go:405.2,413.1 4 208
github.com/umatare5/xflow-exporter/internal/decoder/ipfix.go:414.2,414.31 4 208
github.com/umatare5/xflow-exporter/internal/decoder/ipfix.go:415.3,416.10 2 1051
github.com/umatare5/xflow-exporter/internal/decoder/ipfix.go:417.4,418.1 1 0
github.com/umatare5/xflow-exporter/internal/decoder/ipfix.go:419.3,420.58 2 1051
github.com/umatare5/xflow-exporter/internal/decoder/ipfix.go:423.2,425.26 3 208
github.com/umatare5/xflow-exporter/internal/decoder/ipfix.go:432.2,433.1 2 81959
github.com/umatare5/xflow-exporter/internal/decoder/ipfix.go:434.2,434.31 2 81959
github.com/umatare5/xflow-exporter/internal/decoder/ipfix.go:435.3,436.10 2 163920
github.com/umatare5/xflow-exporter/internal/decoder/ipfix.go:437.4,438.1 1 0
github.com/umatare5/xflow-exporter/internal/decoder/ipfix.go:439.3,440.25 2 163920
github.com/umatare5/xflow-exporter/internal/decoder/ipfix.go:441.4,442.1 1 81959
github.com/umatare5/xflow-exporter/internal/decoder/ipfix.go:443.3,443.47 1 163920
github.com/umatare5/xflow-exporter/internal/decoder/ipfix.go:446.2,447.21 2 81959
github.com/umatare5/xflow-exporter/internal/decoder/ipfix.go:453.2,453.37 1 328893
github.com/umatare5/xflow-exporter/internal/decoder/ipfix.go:454.3,455.21 2 164977
github.com/umatare5/xflow-exporter/internal/decoder/ipfix.go:456.4,457.1 1 0
github.com/umatare5/xflow-exporter/internal/decoder/ipfix.go:458.3,458.36 1 164977
github.com/umatare5/xflow-exporter/internal/decoder/ipfix.go:463.2,463.24 1 163916
github.com/umatare5/xflow-exporter/internal/decoder/ipfix.go:464.3,465.1 1 0
github.com/umatare5/xflow-exporter/internal/decoder/ipfix.go:466.2,469.18 4 163916
github.com/umatare5/xflow-exporter/internal/decoder/ipfix.go:470.3,470.26 1 4
github.com/umatare5/xflow-exporter/internal/decoder/ipfix.go:471.4,472.1 1 0
github.com/umatare5/xflow-exporter/internal/decoder/ipfix.go:473.3,474.14 2 4
github.com/umatare5/xflow-exporter/internal/decoder/ipfix.go:477.2,478.20 2 163916
github.com/umatare5/xflow-exporter/internal/decoder/ipfix.go:479.3,480.1 1 2
github.com/umatare5/xflow-exporter/internal/decoder/ipfix.go:481.2,481.35 1 163914
github.com/umatare5/xflow-exporter/internal/decoder/l2l3.go:35.2,35.22 1 2
github.com/umatare5/xflow-exporter/internal/decoder/l2l3.go:36.3,37.1 1 0
github.com/umatare5/xflow-exporter/internal/decoder/l2l3.go:39.2,39.24 1 2
github.com/umatare5/xflow-exporter/internal/decoder/l2l3.go:41.3,41.28 1 2
github.com/umatare5/xflow-exporter/internal/decoder/l2l3.go:43.3,43.28 1 0
github.com/umatare5/xflow-exporter/internal/decoder/l2l3.go:51.2,51.33 1 39
github.com/umatare5/xflow-exporter/internal/decoder/l2l3.go:52.3,53.1 1 0
github.com/umatare5/xflow-exporter/internal/decoder/l2l3.go:55.2,57.1 3 39
github.com/umatare5/xflow-exporter/internal/decoder/l2l3.go:59.2,59.63 3 39
github.com/umatare5/xflow-exporter/internal/decoder/l2l3.go:60.3,60.32 1 4
github.com/umatare5/xflow-exporter/internal/decoder/l2l3.go:61.4,62.1 1 0
github.com/umatare5/xflow-exporter/internal/decoder/l2l3.go:63.3,64.33 2 4
github.com/umatare5/xflow-exporter/internal/decoder/l2l3.go:67.2,67.19 1 39
github.com/umatare5/xflow-exporter/internal/decoder/l2l3.go:69.3,69.29 1 38
github.com/umatare5/xflow-exporter/internal/decoder/l2l3.go:71.3,71.29 1 1
github.com/umatare5/xflow-exporter/internal/decoder/l2l3.go:73.2,73.13 1 39
github.com/umatare5/xflow-exporter/internal/decoder/l2l3.go:78.2,78.33 1 40
github.com/umatare5/xflow-exporter/internal/decoder/l2l3.go:79.3,80.1 1 0
github.com/umatare5/xflow-exporter/internal/decoder/l2l3.go:82.2,83.58 2 40
github.com/umatare5/xflow-exporter/internal/decoder/l2l3.go:84.3,85.1 1 0
github.com/umatare5/xflow-exporter/internal/decoder/l2l3.go:87.2,92.1 6 40
github.com/umatare5/xflow-exporter/internal/decoder/l2l3.go:97.2,97.70 6 40
github.com/umatare5/xflow-exporter/internal/decoder/l2l3.go:98.3,99.1 1 2
github.com/umatare5/xflow-exporter/internal/decoder/l2l3.go:101.2,101.38 1 38
github.com/umatare5/xflow-exporter/internal/decoder/l2l3.go:107.2,107.30 1 1
github.com/umatare5/xflow-exporter/internal/decoder/l2l3.go:108.3,109.1 1 0
github.com/umatare5/xflow-exporter/internal/decoder/l2l3.go:111.2,116.1 6 1
github.com/umatare5/xflow-exporter/internal/decoder/l2l3.go:117.2,117.39 6 1
github.com/umatare5/xflow-exporter/internal/decoder/l2l3.go:123.2,123.20 1 39
github.com/umatare5/xflow-exporter/internal/decoder/l2l3.go:125.3,125.36 1 39
github.com/umatare5/xflow-exporter/internal/decoder/l2l3.go:126.4,127.1 1 1
github.com/umatare5/xflow-exporter/internal/decoder/l2l3.go:128.3,130.36 3 38
github.com/umatare5/xflow-exporter/internal/decoder/l2l3.go:131.4,133.1 2 38
github.com/umatare5/xflow-exporter/internal/decoder/l2l3.go:135.3,135.36 1 0
github.com/umatare5/xflow-exporter/internal/decoder/l2l3.go:136.4,137.1 1 0
github.com/umatare5/xflow-exporter/internal/decoder/l2l3.go:138.3,139.52 2 0
github.com/umatare5/xflow-exporter/internal/decoder/netflow5.go:34.2,34.39 1 28
github.com/umatare5/xflow-exporter/internal/decoder/netflow5.go:35.3,36.1 1 1
github.com/umatare5/xflow-exporter/internal/decoder/netflow5.go:38.2,39.44 2 27
github.com/umatare5/xflow-exporter/internal/decoder/netflow5.go:40.3,41.1 1 3
github.com/umatare5/xflow-exporter/internal/decoder/netflow5.go:42.2,42.80 1 24
github.com/umatare5/xflow-exporter/internal/decoder/netflow5.go:43.3,45.1 1 2
github.com/umatare5/xflow-exporter/internal/decoder/netflow5.go:51.2,52.19 2 22
github.com/umatare5/xflow-exporter/internal/decoder/netflow5.go:53.3,55.1 1 21
github.com/umatare5/xflow-exporter/internal/decoder/netflow5.go:57.2,61.1 6 22
github.com/umatare5/xflow-exporter/internal/decoder/netflow5.go:62.2,65.1 6 22
github.com/umatare5/xflow-exporter/internal/decoder/netflow5.go:67.2,67.23 6 22
github.com/umatare5/xflow-exporter/internal/decoder/netflow5.go:68.3,70.1 2 113
github.com/umatare5/xflow-exporter/internal/decoder/netflow5.go:72.2,72.17 1 22
github.com/umatare5/xflow-exporter/internal/decoder/netflow5.go:85.2,85.54 1 2
github.com/umatare5/xflow-exporter/internal/decoder/netflow5.go:86.3,87.1 1 1
github.com/umatare5/xflow-exporter/internal/decoder/netflow5.go:89.2,90.10 2 1
github.com/umatare5/xflow-exporter/internal/decoder/netflow5.go:91.3,92.1 1 1
github.com/umatare5/xflow-exporter/internal/decoder/netflow5.go:93.2,93.13 1 1
github.com/umatare5/xflow-exporter/internal/decoder/netflow5.go:101.2,104.1 3 113
github.com/umatare5/xflow-exporter/internal/decoder/netflow5.go:105.2,105.23 3 113
github.com/umatare5/xflow-exporter/internal/decoder/netflow5.go:106.3,107.1 1 2
github.com/umatare5/xflow-exporter/internal/decoder/netflow5.go:109.2,143.1 1 113
github.com/umatare5/xflow-exporter/internal/decoder/netflow8.go:60.2,60.39 1 34
github.com/umatare5/xflow-exporter/internal/decoder/netflow8.go:61.3,62.1 1 1
github.com/umatare5/xflow-exporter/internal/decoder/netflow8.go:64.2,65.66 2 33
github.com/umatare5/xflow-exporter/internal/decoder/netflow8.go:66.3,67.1 1 1
github.com/umatare5/xflow-exporter/internal/decoder/netflow8.go:69.2,70.9 2 32
github.com/umatare5/xflow-exporter/internal/decoder/netflow8.go:71.3,74.1 1 2
github.com/umatare5/xflow-exporter/internal/decoder/netflow8.go:77.2,78.44 2 30
github.com/umatare5/xflow-exporter/internal/decoder/netflow8.go:79.3,80.1 1 1
github.com/umatare5/xflow-exporter/internal/decoder/netflow8.go:81.2,81.78 1 29
github.com/umatare5/xflow-exporter/internal/decoder/netflow8.go:82.3,84.1 1 1
github.com/umatare5/xflow-exporter/internal/decoder/netflow8.go:89.2,91.20 1 28
github.com/umatare5/xflow-exporter/internal/decoder/netflow8.go:92.3,94.1 1 27
github.com/umatare5/xflow-exporter/internal/decoder/netflow8.go:96.2,102.1 5 28
github.com/umatare5/xflow-exporter/internal/decoder/netflow8.go:104.2,104.23 5 28
github.com/umatare5/xflow-exporter/internal/decoder/netflow8.go:105.3,106.1 5 40
github.com/umatare5/xflow-exporter/internal/decoder/netflow8.go:110.3,116.1 5 40
github.com/umatare5/xflow-exporter/internal/decoder/netflow8.go:118.2,118.17 1 28
github.com/umatare5/xflow-exporter/internal/decoder/netflow8.go:129.2,130.21 2 40
github.com/umatare5/xflow-exporter/internal/decoder/netflow8.go:132.3,132.27 1 1
github.com/umatare5/xflow-exporter/internal/decoder/netflow8.go:134.3,134.27 1 1
github.com/umatare5/xflow-exporter/internal/decoder/netflow8.go:136.3,136.27 1 2
github.com/umatare5/xflow-exporter/internal/decoder/netflow8.go:139.2,141.52 1 40
github.com/umatare5/xflow-exporter/internal/decoder/netflow8.go:147.2,151.1 4 36
github.com/umatare5/xflow-exporter/internal/decoder/netflow8.go:154.2,159.1 5 21
github.com/umatare5/xflow-exporter/internal/decoder/netflow8.go:162.2,166.1 4 5
github.com/umatare5/xflow-exporter/internal/decoder/netflow8.go:169.2,174.1 5 1
github.com/umatare5/xflow-exporter/internal/decoder/netflow8.go:177.2,182.1 5 1
github.com/umatare5/xflow-exporter/internal/decoder/netflow8.go:185.2,194.1 9 1
github.com/umatare5/xflow-exporter/internal/decoder/netflow8.go:199.2,207.1 8 1
github.com/umatare5/xflow-exporter/internal/decoder/netflow8.go:210.2,220.1 10 1
github.com/umatare5/xflow-exporter/internal/decoder/netflow8.go:223.2,236.1 13 2
github.com/umatare5/xflow-exporter/internal/decoder/netflow8.go:239.2,242.1 3 1
github.com/umatare5/xflow-exporter/internal/decoder/netflow8.go:245.2,253.1 8 1
github.com/umatare5/xflow-exporter/internal/decoder/netflow8.go:256.2,263.1 7 1
github.com/umatare5/xflow-exporter/internal/decoder/netflow8.go:266.2,273.1 7 1
github.com/umatare5/xflow-exporter/internal/decoder/netflow8.go:276.2,287.1 11 1
github.com/umatare5/xflow-exporter/internal/decoder/netflow8.go:290.2,302.1 12 3
github.com/umatare5/xflow-exporter/internal/decoder/netflow9.go:94.2,94.39 1 1920
github.com/umatare5/xflow-exporter/internal/decoder/netflow9.go:95.3,96.1 1 2
github.com/umatare5/xflow-exporter/internal/decoder/netflow9.go:98.2,102.1 6 1918
github.com/umatare5/xflow-exporter/internal/decoder/netflow9.go:103.2,104.19 6 1918
github.com/umatare5/xflow-exporter/internal/decoder/netflow9.go:105.3,107.1 2 0
github.com/umatare5/xflow-exporter/internal/decoder/netflow9.go:108.2,109.1 4 1918
github.com/umatare5/xflow-exporter/internal/decoder/netflow9.go:110.2,111.1 4 1918
github.com/umatare5/xflow-exporter/internal/decoder/netflow9.go:112.2,113.46 4 1918
github.com/umatare5/xflow-exporter/internal/decoder/netflow9.go:114.3,116.1 3 1524
github.com/umatare5/xflow-exporter/internal/decoder/netflow9.go:117.3,117.32 3 1524
github.com/umatare5/xflow-exporter/internal/decoder/netflow9.go:118.4,120.1 1 1
github.com/umatare5/xflow-exporter/internal/decoder/netflow9.go:121.3,121.35 1 1523
github.com/umatare5/xflow-exporter/internal/decoder/netflow9.go:122.4,123.1 1 1
github.com/umatare5/xflow-exporter/internal/decoder/netflow9.go:125.3,127.19 3 1522
github.com/umatare5/xflow-exporter/internal/decoder/netflow9.go:131.2,131.17 1 1916
github.com/umatare5/xflow-exporter/internal/decoder/netflow9.go:139.2,139.9 1 1522
github.com/umatare5/xflow-exporter/internal/decoder/netflow9.go:141.3,141.44 1 741
github.com/umatare5/xflow-exporter/internal/decoder/netflow9.go:143.3,143.51 1 49
github.com/umatare5/xflow-exporter/internal/decoder/netflow9.go:145.3,145.76 1 730
github.com/umatare5/xflow-exporter/internal/decoder/netflow9.go:149.3,149.27 1 2
github.com/umatare5/xflow-exporter/internal/decoder/netflow9.go:151.2,151.12 1 1522
github.com/umatare5/xflow-exporter/internal/decoder/netflow9.go:159.2,160.42 2 741
github.com/umatare5/xflow-exporter/internal/decoder/netflow9.go:161.3,164.1 6 1249
github.com/umatare5/xflow-exporter/internal/decoder/netflow9.go:165.3,167.10 6 1249
github.com/umatare5/xflow-exporter/internal/decoder/netflow9.go:168.4,169.12 2 22
github.com/umatare5/xflow-exporter/internal/decoder/netflow9.go:172.3,173.72 1 1227
github.com/umatare5/xflow-exporter/internal/decoder/netflow9.go:183.2,184.1 2 1249
github.com/umatare5/xflow-exporter/internal/decoder/netflow9.go:187.2,187.20 2 1249
github.com/umatare5/xflow-exporter/internal/decoder/netflow9.go:188.3,189.1 1 3
github.com/umatare5/xflow-exporter/internal/decoder/netflow9.go:190.2,191.88 2 1246
github.com/umatare5/xflow-exporter/internal/decoder/netflow9.go:192.3,193.1 1 12
github.com/umatare5/xflow-exporter/internal/decoder/netflow9.go:195.2,196.28 2 1234
github.com/umatare5/xflow-exporter/internal/decoder/netflow9.go:197.3,201.1 3 133368
github.com/umatare5/xflow-exporter/internal/decoder/netflow9.go:204.3,204.28 3 133368
github.com/umatare5/xflow-exporter/internal/decoder/netflow9.go:205.4,206.1 1 7
github.com/umatare5/xflow-exporter/internal/decoder/netflow9.go:209.2,209.27 1 1227
github.com/umatare5/xflow-exporter/internal/decoder/netflow9.go:217.2,217.31 1 1574
github.com/umatare5/xflow-exporter/internal/decoder/netflow9.go:218.3,221.1 3 44
github.com/umatare5/xflow-exporter/internal/decoder/netflow9.go:223.2,223.40 1 1530
github.com/umatare5/xflow-exporter/internal/decoder/netflow9.go:226.3,228.1 2 2
github.com/umatare5/xflow-exporter/internal/decoder/netflow9.go:231.2,231.21 1 1528
github.com/umatare5/xflow-exporter/internal/decoder/netflow9.go:232.3,233.1 1 1500
github.com/umatare5/xflow-exporter/internal/decoder/netflow9.go:241.2,242.1 1 1807
github.com/umatare5/xflow-exporter/internal/decoder/netflow9.go:246.2,247.27 2 1274
github.com/umatare5/xflow-exporter/internal/decoder/netflow9.go:248.3,249.1 1 133478
github.com/umatare5/xflow-exporter/internal/decoder/netflow9.go:250.2,250.18 1 1274
github.com/umatare5/xflow-exporter/internal/decoder/netflow9.go:256.2,260.1 3 49
github.com/umatare5/xflow-exporter/internal/decoder/netflow9.go:261.2,263.33 3 49
github.com/umatare5/xflow-exporter/internal/decoder/netflow9.go:264.3,268.1 8 52
github.com/umatare5/xflow-exporter/internal/decoder/netflow9.go:269.3,272.1 8 52
github.com/umatare5/xflow-exporter/internal/decoder/netflow9.go:275.3,275.76 8 52
github.com/umatare5/xflow-exporter/internal/decoder/netflow9.go:276.4,278.1 2 3
github.com/umatare5/xflow-exporter/internal/decoder/netflow9.go:279.3,280.89 2 49
github.com/umatare5/xflow-exporter/internal/decoder/netflow9.go:281.4,283.12 3 1
github.com/umatare5/xflow-exporter/internal/decoder/netflow9.go:286.3,287.29 2 48
github.com/umatare5/xflow-exporter/internal/decoder/netflow9.go:288.4,292.1 3 123
github.com/umatare5/xflow-exporter/internal/decoder/netflow9.go:295.4,295.48 3 123
github.com/umatare5/xflow-exporter/internal/decoder/netflow9.go:296.5,298.23 3 1
github.com/umatare5/xflow-exporter/internal/decoder/netflow9.go:301.3,302.1 2 47
github.com/umatare5/xflow-exporter/internal/decoder/netflow9.go:303.3,308.12 2 47
github.com/umatare5/xflow-exporter/internal/decoder/netflow9.go:318.2,319.9 2 730
github.com/umatare5/xflow-exporter/internal/decoder/netflow9.go:322.3,324.1 2 32
github.com/umatare5/xflow-exporter/internal/decoder/netflow9.go:332.2,332.21 1 698
github.com/umatare5/xflow-exporter/internal/decoder/netflow9.go:333.3,335.1 2 1
github.com/umatare5/xflow-exporter/internal/decoder/netflow9.go:337.2,338.16 2 697
github.com/umatare5/xflow-exporter/internal/decoder/netflow9.go:339.3,341.1 2 0
github.com/umatare5/xflow-exporter/internal/decoder/netflow9.go:343.2,343.23 1 697
github.com/umatare5/xflow-exporter/internal/decoder/netflow9.go:344.3,345.18 2 709
github.com/umatare5/xflow-exporter/internal/decoder/netflow9.go:346.4,347.12 2 573
github.com/umatare5/xflow-exporter/internal/decoder/netflow9.go:349.3,349.99 1 136
github.com/umatare5/xflow-exporter/internal/decoder/netflow9.go:351.2,351.12 1 697
github.com/umatare5/xflow-exporter/internal/decoder/netflow9.go:357.2,358.1 3 573
github.com/umatare5/xflow-exporter/internal/decoder/netflow9.go:359.2,360.31 3 573
github.com/umatare5/xflow-exporter/internal/decoder/netflow9.go:361.3,363.25 3 1439
github.com/umatare5/xflow-exporter/internal/decoder/netflow9.go:364.4,365.1 1 574
github.com/umatare5/xflow-exporter/internal/decoder/netflow9.go:366.3,366.47 1 1439
github.com/umatare5/xflow-exporter/internal/decoder/netflow9.go:369.2,369.35 1 573
github.com/umatare5/xflow-exporter/internal/decoder/netflow9.go:377.2,384.1 5 136
github.com/umatare5/xflow-exporter/internal/decoder/netflow9.go:385.2,386.1 5 136
github.com/umatare5/xflow-exporter/internal/decoder/netflow9.go:387.2,388.31 5 136
github.com/umatare5/xflow-exporter/internal/decoder/netflow9.go:389.3,392.1 3 844
github.com/umatare5/xflow-exporter/internal/decoder/netflow9.go:394.2,396.12 3 136
github.com/umatare5/xflow-exporter/internal/decoder/notes.go:31.2,33.1 3 1333
github.com/umatare5/xflow-exporter/internal/decoder/notes.go:34.2,34.51 3 1333
github.com/umatare5/xflow-exporter/internal/decoder/notes.go:35.3,36.1 1 28
github.com/umatare5/xflow-exporter/internal/decoder/notes.go:37.2,37.33 1 1333
github.com/umatare5/xflow-exporter/internal/decoder/notes.go:38.3,40.1 2 1009
github.com/umatare5/xflow-exporter/internal/decoder/notes.go:41.2,43.25 3 324
github.com/umatare5/xflow-exporter/internal/decoder/notes.go:50.2,51.15 2 1601
github.com/umatare5/xflow-exporter/internal/decoder/notes.go:52.3,53.1 1 450
github.com/umatare5/xflow-exporter/internal/decoder/notes.go:54.2,55.9 2 1151
github.com/umatare5/xflow-exporter/internal/decoder/notes.go:56.3,57.1 1 1008
github.com/umatare5/xflow-exporter/internal/decoder/notes.go:58.2,59.62 2 143
github.com/umatare5/xflow-exporter/internal/decoder/notes.go:60.3,61.1 1 15388
github.com/umatare5/xflow-exporter/internal/decoder/notes.go:62.2,65.13 2 143
github.com/umatare5/xflow-exporter/internal/decoder/notes.go:72.2,77.31 2 16989
github.com/umatare5/xflow-exporter/internal/decoder/notes.go:78.3,80.10 3 18981
github.com/umatare5/xflow-exporter/internal/decoder/notes.go:82.4,82.65 1 18803
github.com/umatare5/xflow-exporter/internal/decoder/notes.go:84.4,84.53 1 104
github.com/umatare5/xflow-exporter/internal/decoder/notes.go:86.4,86.12 1 45
github.com/umatare5/xflow-exporter/internal/decoder/notes.go:88.4,88.109 1 29
github.com/umatare5/xflow-exporter/internal/decoder/notes.go:90.3,90.12 1 18936
github.com/umatare5/xflow-exporter/internal/decoder/notes.go:91.4,92.1 1 16396
github.com/umatare5/xflow-exporter/internal/decoder/notes.go:94.2,94.11 1 593
github.com/umatare5/xflow-exporter/internal/decoder/notes.go:100.2,101.23 2 15388
github.com/umatare5/xflow-exporter/internal/decoder/notes.go:102.3,103.1 1 15380
github.com/umatare5/xflow-exporter/internal/decoder/notes.go:104.2,104.64 1 8
github.com/umatare5/xflow-exporter/internal/decoder/options.go:76.2,76.66 1 165488
github.com/umatare5/xflow-exporter/internal/decoder/options.go:77.3,79.1 2 3
github.com/umatare5/xflow-exporter/internal/decoder/options.go:80.2,80.21 1 165485
github.com/umatare5/xflow-exporter/internal/decoder/options.go:81.3,82.1 1 0
github.com/umatare5/xflow-exporter/internal/decoder/options.go:84.2,84.19 1 165485
github.com/umatare5/xflow-exporter/internal/decoder/options.go:86.3,86.48 1 310
github.com/umatare5/xflow-exporter/internal/decoder/options.go:88.3,88.50 1 3
github.com/umatare5/xflow-exporter/internal/decoder/options.go:90.3,90.39 1 295
github.com/umatare5/xflow-exporter/internal/decoder/options.go:92.3,92.40 1 329
github.com/umatare5/xflow-exporter/internal/decoder/options.go:94.3,94.40 1 2
github.com/umatare5/xflow-exporter/internal/decoder/options.go:96.3,97.20 2 2
github.com/umatare5/xflow-exporter/internal/decoder/options.go:99.3,99.38 1 2
github.com/umatare5/xflow-exporter/internal/decoder/options.go:101.3,101.36 1 2
github.com/umatare5/xflow-exporter/internal/decoder/options.go:103.3,103.36 1 81968
github.com/umatare5/xflow-exporter/internal/decoder/options.go:105.3,105.20 1 81967
github.com/umatare5/xflow-exporter/internal/decoder/options.go:107.3,107.15 1 605
github.com/umatare5/xflow-exporter/internal/decoder/options.go:109.2,109.13 1 164880
github.com/umatare5/xflow-exporter/internal/decoder/options.go:114.2,114.19 1 574
github.com/umatare5/xflow-exporter/internal/decoder/options.go:116.3,116.56 1 6
github.com/umatare5/xflow-exporter/internal/decoder/options.go:118.3,118.58 1 260
github.com/umatare5/xflow-exporter/internal/decoder/options.go:125.2,125.21 1 81988
github.com/umatare5/xflow-exporter/internal/decoder/options.go:126.3,127.1 1 0
github.com/umatare5/xflow-exporter/internal/decoder/options.go:129.2,129.19 1 81988
github.com/umatare5/xflow-exporter/internal/decoder/options.go:131.3,131.56 1 3
github.com/umatare5/xflow-exporter/internal/decoder/options.go:133.3,133.58 1 4
github.com/umatare5/xflow-exporter/internal/decoder/options.go:135.3,135.52 1 2
github.com/umatare5/xflow-exporter/internal/decoder/options.go:137.3,137.15 1 81979
github.com/umatare5/xflow-exporter/internal/decoder/options.go:139.2,139.13 1 9
github.com/umatare5/xflow-exporter/internal/decoder/options.go:148.2,148.40 1 82532
github.com/umatare5/xflow-exporter/internal/decoder/options.go:149.3,150.10 2 575
github.com/umatare5/xflow-exporter/internal/decoder/options.go:152.4,152.65 1 290
github.com/umatare5/xflow-exporter/internal/decoder/options.go:154.4,156.12 1 8
github.com/umatare5/xflow-exporter/internal/decoder/options.go:158.4,160.12 1 262
github.com/umatare5/xflow-exporter/internal/decoder/options.go:162.4,162.95 1 1
github.com/umatare5/xflow-exporter/internal/decoder/options.go:164.4,165.65 2 14
github.com/umatare5/xflow-exporter/internal/decoder/options.go:169.2,169.18 1 82532
github.com/umatare5/xflow-exporter/internal/decoder/options.go:172.3,173.25 2 81949
github.com/umatare5/xflow-exporter/internal/decoder/options.go:174.4,175.1 1 81948
github.com/umatare5/xflow-exporter/internal/decoder/options.go:176.3,176.29 1 81949
github.com/umatare5/xflow-exporter/internal/decoder/options.go:177.4,178.1 1 1
github.com/umatare5/xflow-exporter/internal/decoder/options.go:186.2,186.9 1 575
github.com/umatare5/xflow-exporter/internal/decoder/options.go:188.3,188.27 1 288
github.com/umatare5/xflow-exporter/internal/decoder/options.go:190.3,190.28 1 2
github.com/umatare5/xflow-exporter/internal/decoder/options.go:192.3,192.18 1 285
github.com/umatare5/xflow-exporter/internal/decoder/options.go:201.2,201.40 1 82532
github.com/umatare5/xflow-exporter/internal/decoder/options.go:202.3,203.1 1 1
github.com/umatare5/xflow-exporter/internal/decoder/options.go:204.2,204.44 1 82531
github.com/umatare5/xflow-exporter/internal/decoder/options.go:205.3,206.1 1 1
github.com/umatare5/xflow-exporter/internal/decoder/options.go:207.2,207.26 1 82530
github.com/umatare5/xflow-exporter/internal/decoder/options.go:208.3,209.1 1 299
github.com/umatare5/xflow-exporter/internal/decoder/options.go:210.2,210.24 1 82231
github.com/umatare5/xflow-exporter/internal/decoder/sflow5.go:62.2,62.46 1 110
github.com/umatare5/xflow-exporter/internal/decoder/sflow5.go:63.3,64.1 1 9
github.com/umatare5/xflow-exporter/internal/decoder/sflow5.go:65.2,65.14 1 101
github.com/umatare5/xflow-exporter/internal/decoder/sflow5.go:84.2,84.38 1 62
github.com/umatare5/xflow-exporter/internal/decoder/sflow5.go:85.3,86.1 1 47
github.com/umatare5/xflow-exporter/internal/decoder/sflow5.go:88.2,89.16 2 15
github.com/umatare5/xflow-exporter/internal/decoder/sflow5.go:90.3,91.1 1 1
github.com/umatare5/xflow-exporter/internal/decoder/sflow5.go:93.2,93.9 1 14
github.com/umatare5/xflow-exporter/internal/decoder/sflow5.go:95.3,95.31 1 6
github.com/umatare5/xflow-exporter/internal/decoder/sflow5.go:97.3,97.30 1 3
github.com/umatare5/xflow-exporter/internal/decoder/sflow5.go:99.3,99.31 1 5
github.com/umatare5/xflow-exporter/internal/decoder/sflow5.go:109.2,110.1 4 62
github.com/umatare5/xflow-exporter/internal/decoder/sflow5.go:112.2,114.18 4 62
github.com/umatare5/xflow-exporter/internal/decoder/sflow5.go:116.3,116.12 1 60
github.com/umatare5/xflow-exporter/internal/decoder/sflow5.go:118.3,118.13 1 0
github.com/umatare5/xflow-exporter/internal/decoder/sflow5.go:120.3,120.90 1 2
github.com/umatare5/xflow-exporter/internal/decoder/sflow5.go:123.2,127.9 5 60
github.com/umatare5/xflow-exporter/internal/decoder/sflow5.go:128.3,129.1 1 1
github.com/umatare5/xflow-exporter/internal/decoder/sflow5.go:131.2,132.19 2 59
github.com/umatare5/xflow-exporter/internal/decoder/sflow5.go:133.3,135.1 2 0
github.com/umatare5/xflow-exporter/internal/decoder/sflow5.go:136.2,137.1 5 59
github.com/umatare5/xflow-exporter/internal/decoder/sflow5.go:140.2,142.1 5 59
github.com/umatare5/xflow-exporter/internal/decoder/sflow5.go:145.2,146.1 5 59
github.com/umatare5/xflow-exporter/internal/decoder/sflow5.go:147.2,147.23 5 59
github.com/umatare5/xflow-exporter/internal/decoder/sflow5.go:148.3,150.24 3 57
github.com/umatare5/xflow-exporter/internal/decoder/sflow5.go:151.4,152.1 1 0
github.com/umatare5/xflow-exporter/internal/decoder/sflow5.go:153.3,154.14 2 57
github.com/umatare5/xflow-exporter/internal/decoder/sflow5.go:155.4,156.1 1 1
github.com/umatare5/xflow-exporter/internal/decoder/sflow5.go:158.3,158.78 1 56
github.com/umatare5/xflow-exporter/internal/decoder/sflow5.go:161.2,161.37 1 58
github.com/umatare5/xflow-exporter/internal/decoder/sflow5.go:162.3,163.1 1 39
github.com/umatare5/xflow-exporter/internal/decoder/sflow5.go:165.2,165.17 1 58
github.com/umatare5/xflow-exporter/internal/decoder/sflow5.go:174.2,175.1 2 56
github.com/umatare5/xflow-exporter/internal/decoder/sflow5.go:176.2,176.25 2 56
github.com/umatare5/xflow-exporter/internal/decoder/sflow5.go:178.3,179.1 1 0
github.com/umatare5/xflow-exporter/internal/decoder/sflow5.go:181.2,181.33 1 56
github.com/umatare5/xflow-exporter/internal/decoder/sflow5.go:183.3,183.78 1 48
github.com/umatare5/xflow-exporter/internal/decoder/sflow5.go:185.3,185.77 1 7
github.com/umatare5/xflow-exporter/internal/decoder/sflow5.go:188.3,188.13 1 1
github.com/umatare5/xflow-exporter/internal/decoder/sflow5.go:190.3,190.13 1 0
github.com/umatare5/xflow-exporter/internal/decoder/sflow5.go:200.2,201.1 4 55
github.com/umatare5/xflow-exporter/internal/decoder/sflow5.go:202.2,204.14 4 55
github.com/umatare5/xflow-exporter/internal/decoder/sflow5.go:205.3,208.1 3 7
github.com/umatare5/xflow-exporter/internal/decoder/sflow5.go:209.3,211.1 2 48
github.com/umatare5/xflow-exporter/internal/decoder/sflow5.go:212.2,215.1 5 55
github.com/umatare5/xflow-exporter/internal/decoder/sflow5.go:216.2,217.14 5 55
github.com/umatare5/xflow-exporter/internal/decoder/sflow5.go:218.3,224.1 6 7
github.com/umatare5/xflow-exporter/internal/decoder/sflow5.go:225.3,229.1 4 48
github.com/umatare5/xflow-exporter/internal/decoder/sflow5.go:231.2,232.9 2 55
github.com/umatare5/xflow-exporter/internal/decoder/sflow5.go:233.3,235.1 2 0
github.com/umatare5/xflow-exporter/internal/decoder/sflow5.go:236.2,237.1 3 55
github.com/umatare5/xflow-exporter/internal/decoder/sflow5.go:242.2,247.23 3 55
github.com/umatare5/xflow-exporter/internal/decoder/sflow5.go:248.3,250.24 3 59
github.com/umatare5/xflow-exporter/internal/decoder/sflow5.go:251.4,253.1 2 0
github.com/umatare5/xflow-exporter/internal/decoder/sflow5.go:254.3,255.14 2 59
github.com/umatare5/xflow-exporter/internal/decoder/sflow5.go:256.4,258.1 2 0
github.com/umatare5/xflow-exporter/internal/decoder/sflow5.go:260.3,261.10 2 59
github.com/umatare5/xflow-exporter/internal/decoder/sflow5.go:262.4,262.12 1 0
github.com/umatare5/xflow-exporter/internal/decoder/sflow5.go:264.3,264.90 1 59
github.com/umatare5/xflow-exporter/internal/decoder/sflow5.go:265.4,266.1 1 56
github.com/umatare5/xflow-exporter/internal/decoder/sflow5.go:269.2,269.17 1 55
github.com/umatare5/xflow-exporter/internal/decoder/sflow5.go:270.3,271.1 1 0
github.com/umatare5/xflow-exporter/internal/decoder/sflow5.go:272.2,273.76 1 55
github.com/umatare5/xflow-exporter/internal/decoder/sflow5.go:280.2,281.1 2 59
github.com/umatare5/xflow-exporter/internal/decoder/sflow5.go:282.2,282.25 2 59
github.com/umatare5/xflow-exporter/internal/decoder/sflow5.go:283.3,284.1 1 0
github.com/umatare5/xflow-exporter/internal/decoder/sflow5.go:285.2,285.51 1 59
github.com/umatare5/xflow-exporter/internal/decoder/sflow5.go:287.3,287.22 1 59
github.com/umatare5/xflow-exporter/internal/decoder/sflow5.go:289.3,289.18 1 0
github.com/umatare5/xflow-exporter/internal/decoder/sflow5.go:301.2,302.14 2 55
github.com/umatare5/xflow-exporter/internal/decoder/sflow5.go:304.3,305.10 2 35
github.com/umatare5/xflow-exporter/internal/decoder/sflow5.go:306.4,308.1 2 0
github.com/umatare5/xflow-exporter/internal/decoder/sflow5.go:309.3,309.19 1 35
github.com/umatare5/xflow-exporter/internal/decoder/sflow5.go:311.4,311.29 1 32
github.com/umatare5/xflow-exporter/internal/decoder/sflow5.go:313.4,314.14 2 3
github.com/umatare5/xflow-exporter/internal/decoder/sflow5.go:317.3,317.30 1 11
github.com/umatare5/xflow-exporter/internal/decoder/sflow5.go:319.3,319.30 1 9
github.com/umatare5/xflow-exporter/internal/decoder/sflow5.go:322.2,336.1 2 52
github.com/umatare5/xflow-exporter/internal/decoder/sflow5.go:339.2,339.37 2 52
github.com/umatare5/xflow-exporter/internal/decoder/sflow5.go:340.3,342.1 2 13
github.com/umatare5/xflow-exporter/internal/decoder/sflow5.go:343.2,343.12 1 39
github.com/umatare5/xflow-exporter/internal/decoder/sflow5.go:349.2,350.1 6 32
github.com/umatare5/xflow-exporter/internal/decoder/sflow5.go:351.2,355.9 6 32
github.com/umatare5/xflow-exporter/internal/decoder/sflow5.go:356.3,357.1 1 0
github.com/umatare5/xflow-exporter/internal/decoder/sflow5.go:358.2,359.9 2 32
github.com/umatare5/xflow-exporter/internal/decoder/sflow5.go:360.3,361.1 1 0
github.com/umatare5/xflow-exporter/internal/decoder/sflow5.go:363.2,364.43 2 32
github.com/umatare5/xflow-exporter/internal/decoder/sflow5.go:365.3,366.1 1 31
github.com/umatare5/xflow-exporter/internal/decoder/sflow5.go:370.2,371.13 2 1
github.com/umatare5/xflow-exporter/internal/decoder/sflow5.go:377.2,377.21 1 35
github.com/umatare5/xflow-exporter/internal/decoder/sflow5.go:378.3,379.1 1 0
github.com/umatare5/xflow-exporter/internal/decoder/sflow5.go:380.2,380.50 1 35
github.com/umatare5/xflow-exporter/internal/decoder/sflow5.go:392.2,397.1 1 17
github.com/umatare5/xflow-exporter/internal/decoder/sflow5.go:402.2,403.1 10 11
github.com/umatare5/xflow-exporter/internal/decoder/sflow5.go:404.2,412.29 10 11
github.com/umatare5/xflow-exporter/internal/decoder/sflow5.go:413.3,414.1 1 1
github.com/umatare5/xflow-exporter/internal/decoder/sflow5.go:415.2,415.98 1 10
github.com/umatare5/xflow-exporter/internal/decoder/sflow5.go:416.3,417.1 1 6
github.com/umatare5/xflow-exporter/internal/decoder/sflow5.go:419.2,429.13 11 4
github.com/umatare5/xflow-exporter/internal/decoder/sflow5.go:434.2,435.1 10 9
github.com/umatare5/xflow-exporter/internal/decoder/sflow5.go:436.2,444.29 10 9
github.com/umatare5/xflow-exporter/internal/decoder/sflow5.go:445.3,446.1 1 0
github.com/umatare5/xflow-exporter/internal/decoder/sflow5.go:447.2,447.103 1 9
github.com/umatare5/xflow-exporter/internal/decoder/sflow5.go:448.3,449.1 1 6
github.com/umatare5/xflow-exporter/internal/decoder/sflow5.go:451.2,461.13 11 3
github.com/umatare5/xflow-exporter/internal/decoder/sflow5.go:472.2,473.1 1 169
github.com/umatare5/xflow-exporter/internal/decoder/sflow5.go:477.2,477.26 1 1151
github.com/umatare5/xflow-exporter/internal/decoder/sflow5.go:478.3,480.1 2 4
github.com/umatare5/xflow-exporter/internal/decoder/sflow5.go:481.2,483.16 3 1147
github.com/umatare5/xflow-exporter/internal/decoder/sflow5.go:488.2,488.35 1 188
github.com/umatare5/xflow-exporter/internal/decoder/sflow5.go:489.3,491.1 2 1
github.com/umatare5/xflow-exporter/internal/decoder/sflow5.go:492.2,494.16 3 187
github.com/umatare5/xflow-exporter/internal/decoder/sflow5.go:499.2,500.24 2 214
github.com/umatare5/xflow-exporter/internal/decoder/sflow5.go:501.3,502.1 1 1
github.com/umatare5/xflow-exporter/internal/decoder/stats.go:57.2,57.14 1 70231
github.com/umatare5/xflow-exporter/internal/decoder/stats.go:58.3,59.1 1 4
github.com/umatare5/xflow-exporter/internal/decoder/stats.go:60.2,61.17 2 70227
github.com/umatare5/xflow-exporter/internal/decoder/stats.go:62.3,63.1 1 400
github.com/umatare5/xflow-exporter/internal/decoder/stats.go:69.2,69.14 1 592414
github.com/umatare5/xflow-exporter/internal/decoder/stats.go:70.3,71.1 1 1069
github.com/umatare5/xflow-exporter/internal/decoder/stats.go:72.2,72.35 1 591345
github.com/umatare5/xflow-exporter/internal/decoder/stats.go:78.2,80.1 3 591345
github.com/umatare5/xflow-exporter/internal/decoder/stats.go:81.2,81.30 3 591345
github.com/umatare5/xflow-exporter/internal/decoder/stats.go:82.3,83.1 1 590031
github.com/umatare5/xflow-exporter/internal/decoder/stats.go:84.2,85.9 2 591345
github.com/umatare5/xflow-exporter/internal/decoder/stats.go:86.3,88.1 2 590063
github.com/umatare5/xflow-exporter/internal/decoder/stats.go:89.2,89.16 1 591345
github.com/umatare5/xflow-exporter/internal/decoder/stats.go:113.2,114.1 1 522
github.com/umatare5/xflow-exporter/internal/decoder/stats.go:120.2,121.1 5 726788
github.com/umatare5/xflow-exporter/internal/decoder/stats.go:122.2,125.8 5 726788
github.com/umatare5/xflow-exporter/internal/decoder/stats.go:126.3,128.1 2 4238
github.com/umatare5/xflow-exporter/internal/decoder/stats.go:129.2,129.35 1 722550
github.com/umatare5/xflow-exporter/internal/decoder/stats.go:130.3,132.1 2 1070
github.com/umatare5/xflow-exporter/internal/decoder/stats.go:134.2,136.37 3 721480
github.com/umatare5/xflow-exporter/internal/decoder/stats.go:137.3,139.1 2 0
github.com/umatare5/xflow-exporter/internal/decoder/stats.go:140.2,140.38 1 721480
github.com/umatare5/xflow-exporter/internal/decoder/stats.go:141.3,143.1 2 1
github.com/umatare5/xflow-exporter/internal/decoder/stats.go:145.2,149.11 5 721479
github.com/umatare5/xflow-exporter/internal/decoder/stats.go:154.2,158.1 4 3
github.com/umatare5/xflow-exporter/internal/decoder/stats.go:162.2,163.1 1 5
github.com/umatare5/xflow-exporter/internal/decoder/stats.go:170.2,170.34 1 5
github.com/umatare5/xflow-exporter/internal/decoder/stats.go:171.3,172.1 1 1
github.com/umatare5/xflow-exporter/internal/decoder/stats.go:174.2,176.1 4 4
github.com/umatare5/xflow-exporter/internal/decoder/stats.go:177.2,178.36 4 4
github.com/umatare5/xflow-exporter/internal/decoder/stats.go:179.3,179.43 1 262144
github.com/umatare5/xflow-exporter/internal/decoder/stats.go:180.4,180.12 1 2
github.com/umatare5/xflow-exporter/internal/decoder/stats.go:182.3,183.34 2 262142
github.com/umatare5/xflow-exporter/internal/decoder/stats.go:185.2,186.16 2 4
github.com/umatare5/xflow-exporter/internal/decoder/stats.go:217.2,219.1 4 147
github.com/umatare5/xflow-exporter/internal/decoder/stats.go:220.2,221.36 4 147
github.com/umatare5/xflow-exporter/internal/decoder/stats.go:222.3,223.1 1 262388
github.com/umatare5/xflow-exporter/internal/decoder/stats.go:224.2,224.18 1 147
github.com/umatare5/xflow-exporter/internal/decoder/stats.go:229.2,233.1 2 262388
github.com/umatare5/xflow-exporter/internal/decoder/stats.go:235.2,235.30 2 262388
github.com/umatare5/xflow-exporter/internal/decoder/stats.go:236.3,236.45 1 1574328
github.com/umatare5/xflow-exporter/internal/decoder/stats.go:237.4,238.1 1 25
github.com/umatare5/xflow-exporter/internal/decoder/stats.go:241.2,243.30 3 262388
github.com/umatare5/xflow-exporter/internal/decoder/stats.go:244.3,244.45 1 1574328
github.com/umatare5/xflow-exporter/internal/decoder/stats.go:245.4,250.1 1 262440
github.com/umatare5/xflow-exporter/internal/decoder/stats.go:253.2,253.13 1 262388
github.com/umatare5/xflow-exporter/internal/decoder/templates.go:202.2,204.1 5 305
github.com/umatare5/xflow-exporter/internal/decoder/templates.go:205.2,207.11 5 305
github.com/umatare5/xflow-exporter/internal/decoder/templates.go:208.3,209.1 1 290
github.com/umatare5/xflow-exporter/internal/decoder/templates.go:210.2,210.55 1 305
github.com/umatare5/xflow-exporter/internal/decoder/templates.go:211.3,212.1 1 2
github.com/umatare5/xflow-exporter/internal/decoder/templates.go:214.2,215.11 2 303
github.com/umatare5/xflow-exporter/internal/decoder/templates.go:216.3,216.21 1 288
github.com/umatare5/xflow-exporter/internal/decoder/templates.go:217.4,218.1 1 21
github.com/umatare5/xflow-exporter/internal/decoder/templates.go:219.3,219.23 1 288
github.com/umatare5/xflow-exporter/internal/decoder/templates.go:221.3,221.21 1 15
github.com/umatare5/xflow-exporter/internal/decoder/templates.go:222.4,223.1 1 13
github.com/umatare5/xflow-exporter/internal/decoder/templates.go:224.3,224.24 1 15
github.com/umatare5/xflow-exporter/internal/decoder/templates.go:227.2,229.39 3 303
github.com/umatare5/xflow-exporter/internal/decoder/templates.go:230.3,231.1 1 3
github.com/umatare5/xflow-exporter/internal/decoder/templates.go:232.2,232.44 1 303
github.com/umatare5/xflow-exporter/internal/decoder/templates.go:237.2,239.1 4 271
github.com/umatare5/xflow-exporter/internal/decoder/templates.go:240.2,241.55 4 271
github.com/umatare5/xflow-exporter/internal/decoder/templates.go:242.3,243.1 1 2
github.com/umatare5/xflow-exporter/internal/decoder/templates.go:244.2,244.21 1 269
github.com/umatare5/xflow-exporter/internal/decoder/templates.go:245.3,246.1 1 10
github.com/umatare5/xflow-exporter/internal/decoder/templates.go:247.2,250.44 4 269
github.com/umatare5/xflow-exporter/internal/decoder/templates.go:255.2,255.25 1 197898
github.com/umatare5/xflow-exporter/internal/decoder/templates.go:256.3,257.1 1 197851
github.com/umatare5/xflow-exporter/internal/decoder/templates.go:258.2,260.1 4 47
github.com/umatare5/xflow-exporter/internal/decoder/templates.go:261.2,262.25 4 47
github.com/umatare5/xflow-exporter/internal/decoder/templates.go:268.2,269.1 1 571
github.com/umatare5/xflow-exporter/internal/decoder/templates.go:273.2,275.1 3 65553
github.com/umatare5/xflow-exporter/internal/decoder/templates.go:276.2,276.35 3 65553
github.com/umatare5/xflow-exporter/internal/decoder/templates.go:277.3,277.30 1 1
github.com/umatare5/xflow-exporter/internal/decoder/templates.go:278.4,279.1 1 1
github.com/umatare5/xflow-exporter/internal/decoder/templates.go:281.2,282.1 2 65553
github.com/umatare5/xflow-exporter/internal/decoder/templates.go:283.2,283.34 2 65553
github.com/umatare5/xflow-exporter/internal/decoder/templates.go:284.3,284.30 1 5
github.com/umatare5/xflow-exporter/internal/decoder/templates.go:285.4,286.1 1 4
github.com/umatare5/xflow-exporter/internal/decoder/templates.go:288.2,288.35 1 65553
github.com/umatare5/xflow-exporter/internal/decoder/templates.go:289.3,289.30 1 2
github.com/umatare5/xflow-exporter/internal/decoder/templates.go:290.4,291.1 1 2
github.com/umatare5/xflow-exporter/internal/decoder/templates.go:293.2,293.39 1 65553
github.com/umatare5/xflow-exporter/internal/decoder/templates.go:305.2,307.1 3 23
github.com/umatare5/xflow-exporter/internal/decoder/templates.go:308.2,308.66 3 23
github.com/umatare5/xflow-exporter/internal/decoder/templates.go:309.3,310.1 1 12
github.com/umatare5/xflow-exporter/internal/decoder/templates.go:311.2,311.17 1 11
github.com/umatare5/xflow-exporter/internal/decoder/templates.go:312.3,313.1 1 1
github.com/umatare5/xflow-exporter/internal/decoder/templates.go:315.2,316.34 2 10
github.com/umatare5/xflow-exporter/internal/decoder/templates.go:317.3,317.19 1 6
github.com/umatare5/xflow-exporter/internal/decoder/templates.go:318.4,318.12 1 4
github.com/umatare5/xflow-exporter/internal/decoder/templates.go:320.3,320.38 1 2
github.com/umatare5/xflow-exporter/internal/decoder/templates.go:321.4,322.1 1 1
github.com/umatare5/xflow-exporter/internal/decoder/templates.go:323.3,323.20 1 1
github.com/umatare5/xflow-exporter/internal/decoder/templates.go:325.2,325.24 1 9
github.com/umatare5/xflow-exporter/internal/decoder/templates.go:330.2,332.1 3 13
github.com/umatare5/xflow-exporter/internal/decoder/templates.go:333.2,334.1 3 13
github.com/umatare5/xflow-exporter/internal/decoder/templates.go:341.2,341.23 1 15
github.com/umatare5/xflow-exporter/internal/decoder/templates.go:342.3,343.1 1 2
github.com/umatare5/xflow-exporter/internal/decoder/templates.go:350.2,351.32 2 65856
github.com/umatare5/xflow-exporter/internal/decoder/templates.go:352.3,352.38 1 32938
github.com/umatare5/xflow-exporter/internal/decoder/templates.go:353.4,354.1 1 9
github.com/umatare5/xflow-exporter/internal/decoder/templates.go:355.3,355.20 1 32929
github.com/umatare5/xflow-exporter/internal/decoder/templates.go:357.2,357.32 1 65847
github.com/umatare5/xflow-exporter/internal/decoder/templates.go:358.3,358.38 1 15
github.com/umatare5/xflow-exporter/internal/decoder/templates.go:359.4,360.1 1 0
github.com/umatare5/xflow-exporter/internal/decoder/templates.go:361.3,361.20 1 15
github.com/umatare5/xflow-exporter/internal/decoder/templates.go:363.2,363.13 1 65847
github.com/umatare5/xflow-exporter/internal/decoder/templates.go:460.2,460.14 1 5
github.com/umatare5/xflow-exporter/internal/decoder/templates.go:461.3,462.1 1 0
github.com/umatare5/xflow-exporter/internal/decoder/templates.go:463.2,463.34 1 5
github.com/umatare5/xflow-exporter/internal/decoder/templates.go:464.3,465.1 1 5
github.com/umatare5/xflow-exporter/internal/decoder/templates.go:466.2,466.11 1 5
github.com/umatare5/xflow-exporter/internal/decoder/templates.go:467.3,468.1 1 1
github.com/umatare5/xflow-exporter/internal/decoder/templates.go:476.2,476.14 1 168
github.com/umatare5/xflow-exporter/internal/decoder/templates.go:477.3,478.1 1 3
github.com/umatare5/xflow-exporter/internal/decoder/templates.go:479.2,479.30 1 165
github.com/umatare5/xflow-exporter/internal/decoder/templates.go:480.3,481.1 1 51
github.com/umatare5/xflow-exporter/internal/decoder/templates.go:482.2,482.14 1 165
github.com/umatare5/xflow-exporter/internal/decoder/templates.go:483.3,484.1 1 3
github.com/umatare5/xflow-exporter/internal/decoder/templates.go:501.2,502.16 2 23
github.com/umatare5/xflow-exporter/internal/decoder/templates.go:503.3,504.1 1 15
github.com/umatare5/xflow-exporter/internal/decoder/templates.go:506.2,506.78 1 23
github.com/umatare5/xflow-exporter/internal/decoder/templates.go:507.3,508.1 1 13
github.com/umatare5/xflow-exporter/internal/decoder/templates.go:509.2,509.15 1 10
github.com/umatare5/xflow-exporter/internal/decoder/templates.go:510.3,511.1 1 6
github.com/umatare5/xflow-exporter/internal/decoder/templates.go:512.2,512.32 1 4
github.com/umatare5/xflow-exporter/internal/decoder/templates.go:519.2,520.52 2 322
github.com/umatare5/xflow-exporter/internal/decoder/templates.go:521.3,522.1 1 7
github.com/umatare5/xflow-exporter/internal/decoder/templates.go:523.2,523.18 1 315
github.com/umatare5/xflow-exporter/internal/decoder/templates.go:524.3,525.1 1 269
github.com/umatare5/xflow-exporter/internal/decoder/templates.go:526.2,526.93 1 46
github.com/umatare5/xflow-exporter/internal/decoder/templates.go:532.2,534.1 2 315
github.com/umatare5/xflow-exporter/internal/decoder/templates.go:540.2,540.46 1 197546
github.com/umatare5/xflow-exporter/internal/decoder/templates.go:541.3,542.1 1 16
github.com/umatare5/xflow-exporter/internal/decoder/templates.go:543.2,543.92 1 197530
github.com/umatare5/xflow-exporter/internal/decoder/templates.go:544.3,545.1 1 2
github.com/umatare5/xflow-exporter/internal/decoder/templates.go:546.2,546.36 1 197528
github.com/umatare5/xflow-exporter/internal/decoder/templates.go:578.2,578.35 1 69001
github.com/umatare5/xflow-exporter/internal/decoder/templates.go:579.3,581.1 2 1378
github.com/umatare5/xflow-exporter/internal/decoder/templates.go:582.2,582.45 1 67623
github.com/umatare5/xflow-exporter/internal/decoder/templates.go:583.3,584.1 1 5
github.com/umatare5/xflow-exporter/internal/decoder/templates.go:586.2,586.23 1 67618
github.com/umatare5/xflow-exporter/internal/decoder/templates.go:587.3,588.1 1 67580
github.com/umatare5/xflow-exporter/internal/decoder/templates.go:589.2,591.10 3 67618
github.com/umatare5/xflow-exporter/internal/decoder/templates.go:597.2,597.34 1 13
github.com/umatare5/xflow-exporter/internal/decoder/templates.go:598.3,598.26 1 32
github.com/umatare5/xflow-exporter/internal/decoder/templates.go:599.4,600.1 1 18
github.com/umatare5/xflow-exporter/internal/decoder/templates.go:656.2,663.1 1 525
github.com/umatare5/xflow-exporter/internal/decoder/templates.go:672.2,673.1 5 81184
github.com/umatare5/xflow-exporter/internal/decoder/templates.go:674.2,677.8 5 81184
github.com/umatare5/xflow-exporter/internal/decoder/templates.go:678.3,680.1 2 12305
github.com/umatare5/xflow-exporter/internal/decoder/templates.go:682.2,684.33 3 68879
github.com/umatare5/xflow-exporter/internal/decoder/templates.go:685.3,687.1 2 0
github.com/umatare5/xflow-exporter/internal/decoder/templates.go:688.2,689.62 2 68879
github.com/umatare5/xflow-exporter/internal/decoder/templates.go:690.3,692.1 2 1284
github.com/umatare5/xflow-exporter/internal/decoder/templates.go:693.2,693.57 1 67595
github.com/umatare5/xflow-exporter/internal/decoder/templates.go:694.3,696.1 2 1
github.com/umatare5/xflow-exporter/internal/decoder/templates.go:698.2,700.11 3 67594
github.com/umatare5/xflow-exporter/internal/decoder/templates.go:701.3,703.1 2 66048
github.com/umatare5/xflow-exporter/internal/decoder/templates.go:705.2,705.19 1 67594
github.com/umatare5/xflow-exporter/internal/decoder/templates.go:706.3,708.1 2 66044
github.com/umatare5/xflow-exporter/internal/decoder/templates.go:709.2,710.1 5 67594
github.com/umatare5/xflow-exporter/internal/decoder/templates.go:711.2,716.1 5 67594
github.com/umatare5/xflow-exporter/internal/decoder/templates.go:717.2,719.10 5 67594
github.com/umatare5/xflow-exporter/internal/decoder/templates.go:725.2,726.1 3 15
github.com/umatare5/xflow-exporter/internal/decoder/templates.go:731.2,732.25 3 15
github.com/umatare5/xflow-exporter/internal/decoder/templates.go:733.3,737.1 4 13
github.com/umatare5/xflow-exporter/internal/decoder/templates.go:738.2,738.16 1 15
github.com/umatare5/xflow-exporter/internal/decoder/templates.go:744.2,746.1 3 15
github.com/umatare5/xflow-exporter/internal/decoder/templates.go:747.2,747.32 3 15
github.com/umatare5/xflow-exporter/internal/decoder/templates.go:748.3,748.34 1 65811
github.com/umatare5/xflow-exporter/internal/decoder/templates.go:749.4,749.12 1 13
github.com/umatare5/xflow-exporter/internal/decoder/templates.go:752.3,757.28 6 65798
github.com/umatare5/xflow-exporter/internal/decoder/templates.go:758.4,759.1 1 65539
github.com/umatare5/xflow-exporter/internal/decoder/templates.go:760.3,760.12 1 65798
github.com/umatare5/xflow-exporter/internal/decoder/templates.go:762.2,763.1 3 15
github.com/umatare5/xflow-exporter/internal/decoder/templates.go:764.2,765.30 3 15
github.com/umatare5/xflow-exporter/internal/decoder/templates.go:766.3,767.1 1 13
github.com/umatare5/xflow-exporter/internal/decoder/templates.go:768.2,768.22 1 15
github.com/umatare5/xflow-exporter/internal/decoder/templates.go:777.2,777.40 1 15
github.com/umatare5/xflow-exporter/internal/decoder/templates.go:778.3,779.1 1 65552
github.com/umatare5/xflow-exporter/internal/decoder/templates.go:781.2,782.32 2 15
github.com/umatare5/xflow-exporter/internal/decoder/templates.go:783.3,785.1 2 13
github.com/umatare5/xflow-exporter/internal/decoder/templates.go:786.2,786.35 1 15
github.com/umatare5/xflow-exporter/internal/decoder/templates.go:787.3,787.34 1 65552
github.com/umatare5/xflow-exporter/internal/decoder/templates.go:788.4,789.1 1 65539
github.com/umatare5/xflow-exporter/internal/decoder/templates.go:796.2,797.9 2 271
github.com/umatare5/xflow-exporter/internal/decoder/templates.go:798.3,799.1 1 2
github.com/umatare5/xflow-exporter/internal/decoder/templates.go:800.2,800.13 1 271
github.com/umatare5/xflow-exporter/internal/decoder/templates.go:801.3,802.1 1 0
github.com/umatare5/xflow-exporter/internal/decoder/templates.go:808.2,809.9 2 304
github.com/umatare5/xflow-exporter/internal/decoder/templates.go:810.3,811.1 1 2
github.com/umatare5/xflow-exporter/internal/decoder/templates.go:812.2,812.13 1 304
github.com/umatare5/xflow-exporter/internal/decoder/templates.go:813.3,814.1 1 4
github.com/umatare5/xflow-exporter/internal/decoder/templates.go:820.2,821.1 1 15
github.com/umatare5/xflow-exporter/internal/decoder/templates.go:825.2,826.1 1 7
github.com/umatare5/xflow-exporter/internal/decoder/templates.go:831.2,832.1 1 2
github.com/umatare5/xflow-exporter/internal/decoder/templates.go:836.2,837.1 1 2
github.com/umatare5/xflow-exporter/internal/decoder/templates.go:846.2,847.14 2 9725
github.com/umatare5/xflow-exporter/internal/decoder/templates.go:848.3,849.1 1 0
github.com/umatare5/xflow-exporter/internal/decoder/templates.go:850.2,853.1 6 9725
github.com/umatare5/xflow-exporter/internal/decoder/templates.go:854.2,856.1 6 9725
github.com/umatare5/xflow-exporter/internal/decoder/templates.go:857.2,857.27 6 9725
github.com/umatare5/xflow-exporter/internal/decoder/templates.go:858.3,858.41 1 4
github.com/umatare5/xflow-exporter/internal/decoder/templates.go:859.4,860.1 1 4
github.com/umatare5/xflow-exporter/internal/decoder/templates.go:861.3,861.28 1 4
github.com/umatare5/xflow-exporter/internal/decoder/templates.go:862.4,864.1 2 3
github.com/umatare5/xflow-exporter/internal/decoder/templates.go:867.2,867.60 1 9722
github.com/umatare5/xflow-exporter/internal/decoder/templates.go:868.3,869.1 1 29
github.com/umatare5/xflow-exporter/internal/decoder/templates.go:870.2,872.13 3 9722
github.com/umatare5/xflow-exporter/internal/decoder/templates.go:878.2,879.1 1 46
github.com/umatare5/xflow-exporter/internal/decoder/templates.go:885.2,885.89 1 9729
github.com/umatare5/xflow-exporter/internal/decoder/templates.go:886.3,887.1 1 3
github.com/umatare5/xflow-exporter/internal/decoder/templates.go:888.2,889.75 2 9726
github.com/umatare5/xflow-exporter/internal/decoder/templates.go:895.2,895.35 1 19448
github.com/umatare5/xflow-exporter/internal/decoder/templates.go:896.3,897.1 1 82
github.com/umatare5/xflow-exporter/internal/decoder/templates.go:898.2,898.10 1 19366
github.com/umatare5/xflow-exporter/internal/decoder/templates.go:904.2,906.1 2 18216
github.com/umatare5/xflow-exporter/internal/decoder/templates.go:911.2,912.34 2 17
github.com/umatare5/xflow-exporter/internal/decoder/templates.go:913.3,913.35 1 16677
github.com/umatare5/xflow-exporter/internal/decoder/templates.go:914.4,915.12 2 8470
github.com/umatare5/xflow-exporter/internal/decoder/templates.go:917.3,917.35 1 8207
github.com/umatare5/xflow-exporter/internal/decoder/templates.go:918.4,919.1 1 7
github.com/umatare5/xflow-exporter/internal/decoder/templates.go:921.2,921.28 1 17
github.com/umatare5/xflow-exporter/internal/decoder/templates.go:927.2,930.14 4 50
github.com/umatare5/xflow-exporter/internal/decoder/templates.go:931.3,932.1 1 0
github.com/umatare5/xflow-exporter/internal/decoder/templates.go:933.2,935.15 3 50
github.com/umatare5/xflow-exporter/internal/decoder/templates.go:941.2,941.35 1 8523
github.com/umatare5/xflow-exporter/internal/decoder/templates.go:942.3,944.1 2 8494
github.com/umatare5/xflow-exporter/internal/decoder/templates.go:951.2,952.14 2 1177
github.com/umatare5/xflow-exporter/internal/decoder/templates.go:953.3,954.1 1 0
github.com/umatare5/xflow-exporter/internal/decoder/templates.go:956.2,958.1 4 1177
github.com/umatare5/xflow-exporter/internal/decoder/templates.go:959.2,960.47 4 1177
github.com/umatare5/xflow-exporter/internal/decoder/templates.go:961.3,962.1 1 69
github.com/umatare5/xflow-exporter/internal/decoder/templates.go:963.2,963.16 1 1108
github.com/umatare5/xflow-exporter/internal/decoder/templates.go:972.2,976.1 5 1977
github.com/umatare5/xflow-exporter/internal/decoder/templates.go:977.2,979.1 5 1977
github.com/umatare5/xflow-exporter/internal/decoder/templates.go:980.2,981.14 5 1977
github.com/umatare5/xflow-exporter/internal/decoder/templates.go:982.3,983.1 1 5
github.com/umatare5/xflow-exporter/internal/decoder/templates.go:984.2,984.13 1 1972
github.com/umatare5/xflow-exporter/internal/decoder/templates.go:985.3,988.1 3 769
github.com/umatare5/xflow-exporter/internal/decoder/templates.go:990.2,990.34 1 1203
github.com/umatare5/xflow-exporter/internal/decoder/templates.go:991.17,991.17 0 798
github.com/umatare5/xflow-exporter/internal/decoder/templates.go:994.3,994.15 1 401
github.com/umatare5/xflow-exporter/internal/decoder/templates.go:995.4,996.1 1 21
github.com/umatare5/xflow-exporter/internal/decoder/templates.go:997.3,997.18 1 401
github.com/umatare5/xflow-exporter/internal/decoder/templates.go:998.39,998.39 0 4
github.com/umatare5/xflow-exporter/internal/decoder/templates.go:1001.3,1001.18 1 0
github.com/umatare5/xflow-exporter/internal/decoder/templates.go:1012.2,1016.1 4 4188
github.com/umatare5/xflow-exporter/internal/decoder/templates.go:1017.2,1018.1 4 4188
github.com/umatare5/xflow-exporter/internal/decoder/templates.go:1019.2,1020.37 4 4188
github.com/umatare5/xflow-exporter/internal/decoder/templates.go:1021.3,1022.37 2 4163
github.com/umatare5/xflow-exporter/internal/decoder/templates.go:1023.4,1023.47 1 4163
github.com/umatare5/xflow-exporter/internal/decoder/templates.go:1024.5,1024.44 1 2
github.com/umatare5/xflow-exporter/internal/decoder/templates.go:1025.6,1027.1 2 0
github.com/umatare5/xflow-exporter/internal/decoder/templates.go:1028.5,1029.48 2 2
github.com/umatare5/xflow-exporter/internal/decoder/templates.go:1030.6,1032.1 2 1
github.com/umatare5/xflow-exporter/internal/decoder/templates.go:1034.4,1034.25 1 4162
github.com/umatare5/xflow-exporter/internal/decoder/templates.go:1035.5,1036.1 1 66
github.com/umatare5/xflow-exporter/internal/decoder/templates.go:1037.4,1040.10 4 4162
github.com/umatare5/xflow-exporter/internal/decoder/templates.go:1042.3,1042.37 1 0
github.com/umatare5/xflow-exporter/internal/decoder/templates.go:1045.2,1045.33 1 25
github.com/umatare5/xflow-exporter/internal/decoder/templates.go:1048.3,1049.9 2 10
github.com/umatare5/xflow-exporter/internal/decoder/templates.go:1050.50,1050.50 0 4
github.com/umatare5/xflow-exporter/internal/decoder/templates.go:1055.3,1055.55 1 11
github.com/umatare5/xflow-exporter/internal/decoder/templates.go:1056.4,1058.1 2 9
github.com/umatare5/xflow-exporter/internal/decoder/templates.go:1059.3,1059.57 1 11
github.com/umatare5/xflow-exporter/internal/decoder/templates.go:1060.4,1062.1 2 10
github.com/umatare5/xflow-exporter/internal/decoder/templates.go:1065.2,1066.88 2 15
github.com/umatare5/xflow-exporter/internal/decoder/templates.go:1072.2,1074.35 3 2
github.com/umatare5/xflow-exporter/internal/decoder/templates.go:1075.3,1075.29 1 8192
github.com/umatare5/xflow-exporter/internal/decoder/templates.go:1076.4,1077.12 2 4096
github.com/umatare5/xflow-exporter/internal/decoder/templates.go:1079.3,1079.29 1 4096
github.com/umatare5/xflow-exporter/internal/decoder/templates.go:1080.4,1081.1 1 0
github.com/umatare5/xflow-exporter/internal/decoder/templates.go:1083.2,1084.1 2 2
github.com/umatare5/xflow-exporter/internal/decoder/templates.go:1085.2,1085.19 2 2
github.com/umatare5/xflow-exporter/internal/decoder/templates.go:1098.2,1102.1 5 67024
github.com/umatare5/xflow-exporter/internal/decoder/templates.go:1103.2,1105.1 5 67024
github.com/umatare5/xflow-exporter/internal/decoder/templates.go:1106.2,1107.14 5 67024
github.com/umatare5/xflow-exporter/internal/decoder/templates.go:1108.3,1109.1 1 0
github.com/umatare5/xflow-exporter/internal/decoder/templates.go:1110.2,1110.35 1 67024
github.com/umatare5/xflow-exporter/internal/decoder/templates.go:1111.3,1116.1 5 66853
github.com/umatare5/xflow-exporter/internal/decoder/templates.go:1119.2,1119.34 1 171
github.com/umatare5/xflow-exporter/internal/decoder/templates.go:1120.17,1120.17 0 94
github.com/umatare5/xflow-exporter/internal/decoder/templates.go:1123.3,1124.9 2 23
github.com/umatare5/xflow-exporter/internal/decoder/templates.go:1126.3,1126.37 1 52
github.com/umatare5/xflow-exporter/internal/decoder/templates.go:1127.10,1127.10 0 2
github.com/umatare5/xflow-exporter/internal/decoder/templates.go:1131.2,1133.27 3 148
github.com/umatare5/xflow-exporter/internal/decoder/templates.go:1138.2,1140.1 3 197231
github.com/umatare5/xflow-exporter/internal/decoder/templates.go:1141.2,1141.32 3 197231
github.com/umatare5/xflow-exporter/internal/decoder/templates.go:1142.3,1142.35 1 135
github.com/umatare5/xflow-exporter/internal/decoder/templates.go:1143.4,1143.12 1 0
github.com/umatare5/xflow-exporter/internal/decoder/templates.go:1145.3,1145.16 1 135
github.com/umatare5/xflow-exporter/internal/decoder/templates.go:1146.4,1147.1 1 57
github.com/umatare5/xflow-exporter/internal/decoder/templates.go:1148.4,1149.1 1 78
github.com/umatare5/xflow-exporter/internal/decoder/templates.go:1151.2,1151.22 1 197231
github.com/umatare5/xflow-exporter/internal/decoder/templates.go:1206.2,1208.1 4 2
github.com/umatare5/xflow-exporter/internal/decoder/templates.go:1209.2,1210.42 4 2
github.com/umatare5/xflow-exporter/internal/decoder/templates.go:1211.3,1212.39 2 2
github.com/umatare5/xflow-exporter/internal/decoder/templates.go:1213.4,1220.1 1 257
github.com/umatare5/xflow-exporter/internal/decoder/templates.go:1221.3,1221.21 1 2
github.com/umatare5/xflow-exporter/internal/decoder/templates.go:1223.2,1223.18 1 2
github.com/umatare5/xflow-exporter/internal/decoder/templates.go:1228.2,1230.1 5 102
github.com/umatare5/xflow-exporter/internal/decoder/templates.go:1231.2,1233.32 5 102
github.com/umatare5/xflow-exporter/internal/decoder/templates.go:1234.3,1255.1 2 197231
github.com/umatare5/xflow-exporter/internal/decoder/templates.go:1256.2,1256.18 1 102
github.com/umatare5/xflow-exporter/internal/remotewrite/client.go:27.2,28.1 2 14
github.com/umatare5/xflow-exporter/internal/remotewrite/client.go:29.2,29.37 2 14
github.com/umatare5/xflow-exporter/internal/remotewrite/client.go:30.3,31.1 1 1
github.com/umatare5/xflow-exporter/internal/remotewrite/client.go:32.2,32.17 1 14
github.com/umatare5/xflow-exporter/internal/remotewrite/client.go:33.3,34.1 1 7
github.com/umatare5/xflow-exporter/internal/remotewrite/client.go:36.2,36.32 1 14
github.com/umatare5/xflow-exporter/internal/remotewrite/client.go:45.2,46.37 2 13
github.com/umatare5/xflow-exporter/internal/remotewrite/client.go:47.3,50.1 3 3
github.com/umatare5/xflow-exporter/internal/remotewrite/client.go:52.2,61.1 1 13
github.com/umatare5/xflow-exporter/internal/remotewrite/stats.go:26.2,31.1 1 3
github.com/umatare5/xflow-exporter/internal/remotewrite/symbols.go:20.2,23.1 1 13
github.com/umatare5/xflow-exporter/internal/remotewrite/symbols.go:28.2,28.35 1 74
github.com/umatare5/xflow-exporter/internal/remotewrite/symbols.go:29.3,30.1 1 12
github.com/umatare5/xflow-exporter/internal/remotewrite/symbols.go:32.2,35.12 4 62
github.com/umatare5/xflow-exporter/internal/remotewrite/symbols.go:46.2,47.29 2 25
github.com/umatare5/xflow-exporter/internal/remotewrite/symbols.go:48.3,49.1 1 37
github.com/umatare5/xflow-exporter/internal/remotewrite/symbols.go:50.2,50.13 1 25
github.com/umatare5/xflow-exporter/internal/remotewrite/symbols.go:55.2,58.1 3 14
github.com/umatare5/xflow-exporter/internal/remotewrite/symbols.go:68.2,71.1 1 14
github.com/umatare5/xflow-exporter/internal/remotewrite/writer.go:45.2,46.16 2 14
github.com/umatare5/xflow-exporter/internal/remotewrite/writer.go:47.3,48.1 1 1
github.com/umatare5/xflow-exporter/internal/remotewrite/writer.go:50.2,53.1 2 13
github.com/umatare5/xflow-exporter/internal/remotewrite/writer.go:54.2,54.16 2 13
github.com/umatare5/xflow-exporter/internal/remotewrite/writer.go:55.3,56.1 1 13
github.com/umatare5/xflow-exporter/internal/remotewrite/writer.go:58.2,59.16 2 13
github.com/umatare5/xflow-exporter/internal/remotewrite/writer.go:60.3,61.1 1 0
github.com/umatare5/xflow-exporter/internal/remotewrite/writer.go:63.2,70.8 1 13
github.com/umatare5/xflow-exporter/internal/remotewrite/writer.go:79.2,80.29 2 3
github.com/umatare5/xflow-exporter/internal/remotewrite/writer.go:81.3,82.1 1 2
github.com/umatare5/xflow-exporter/internal/remotewrite/writer.go:83.2,83.12 1 1
github.com/umatare5/xflow-exporter/internal/remotewrite/writer.go:95.2,96.16 2 15
github.com/umatare5/xflow-exporter/internal/remotewrite/writer.go:97.3,98.1 1 2
github.com/umatare5/xflow-exporter/internal/remotewrite/writer.go:100.2,105.47 6 13
github.com/umatare5/xflow-exporter/internal/remotewrite/writer.go:110.2,111.1 1 3
github.com/umatare5/xflow-exporter/internal/remotewrite/writer.go:115.2,117.1 3 1
github.com/umatare5/xflow-exporter/internal/remotewrite/writer.go:118.2,118.6 3 1
github.com/umatare5/xflow-exporter/internal/remotewrite/writer.go:119.3,119.10 1 1
github.com/umatare5/xflow-exporter/internal/remotewrite/writer.go:121.4,121.10 1 1
github.com/umatare5/xflow-exporter/internal/remotewrite/writer.go:123.4,123.38 1 0
github.com/umatare5/xflow-exporter/internal/remotewrite/writer.go:124.5,125.1 1 0
github.com/umatare5/xflow-exporter/internal/remotewrite/writer.go:132.2,133.16 2 14
github.com/umatare5/xflow-exporter/internal/remotewrite/writer.go:134.3,136.1 2 0
github.com/umatare5/xflow-exporter/internal/remotewrite/writer.go:138.2,139.30 2 14
github.com/umatare5/xflow-exporter/internal/remotewrite/writer.go:140.3,141.1 1 1
github.com/umatare5/xflow-exporter/internal/remotewrite/writer.go:143.2,143.76 1 13
github.com/umatare5/xflow-exporter/internal/remotewrite/writer.go:144.3,146.1 2 2
github.com/umatare5/xflow-exporter/internal/remotewrite/writer.go:148.2,151.12 4 11
github.com/umatare5/xflow-exporter/internal/remotewrite/writer.go:157.2,158.1 4 14
github.com/umatare5/xflow-exporter/internal/remotewrite/writer.go:159.2,161.1 4 14
github.com/umatare5/xflow-exporter/internal/remotewrite/writer.go:162.2,162.34 4 14
github.com/umatare5/xflow-exporter/internal/remotewrite/writer.go:163.3,163.45 1 26
github.com/umatare5/xflow-exporter/internal/remotewrite/writer.go:164.4,165.11 2 26
github.com/umatare5/xflow-exporter/internal/remotewrite/writer.go:169.5,169.13 1 1
github.com/umatare5/xflow-exporter/internal/remotewrite/writer.go:172.4,175.6 1 25
github.com/umatare5/xflow-exporter/internal/remotewrite/writer.go:179.2,179.34 1 14
github.com/umatare5/xflow-exporter/internal/remotewrite/writer.go:185.2,185.14 1 26
github.com/umatare5/xflow-exporter/internal/remotewrite/writer.go:187.3,187.46 1 13
github.com/umatare5/xflow-exporter/internal/remotewrite/writer.go:189.3,189.44 1 12
github.com/umatare5/xflow-exporter/internal/remotewrite/writer.go:191.3,191.46 1 0
github.com/umatare5/xflow-exporter/internal/remotewrite/writer.go:193.3,193.18 1 1
github.com/umatare5/xflow-exporter/internal/remotewrite/writer.go:195.3,195.18 1 0
github.com/umatare5/xflow-exporter/internal/remotewrite/writer.go:202.2,204.1 3 25
github.com/umatare5/xflow-exporter/internal/remotewrite/writer.go:205.2,205.42 3 25
github.com/umatare5/xflow-exporter/internal/remotewrite/writer.go:206.3,207.1 1 12
github.com/umatare5/xflow-exporter/internal/remotewrite/writer.go:209.2,209.50 1 25
github.com/umatare5/xflow-exporter/internal/remotewrite/writer.go:209.52,209.92 1 12
github.com/umatare5/xflow-exporter/internal/remotewrite/writer.go:210.2,210.14 1 25
